-- Action-Outcome SQL Replay Experiment 006 seed and result data
-- Generated for ZeptoDB-compatible SQL ingestion.

CREATE TABLE IF NOT EXISTS action_outcome_episodes (
    episode_id STRING,
    incident_id STRING,
    incident_type STRING,
    service STRING,
    environment STRING,
    entity_refs_json STRING,
    pre_start_ns INT64,
    pre_end_ns INT64,
    action_ts_ns INT64,
    post_start_ns INT64,
    post_end_ns INT64,
    alerts_json STRING,
    logs_json STRING,
    traces_json STRING,
    topology_upstream_json STRING,
    topology_downstream_json STRING,
    blast_radius STRING,
    change_type STRING,
    deploy_id STRING,
    config_id STRING,
    flag_id STRING,
    minutes_before_alert DOUBLE,
    candidate_root_causes_json STRING,
    action_class STRING,
    action_target STRING,
    action_parameters_json STRING,
    action_actor STRING,
    action_tool STRING,
    policy_decision STRING,
    policy_risk_tier STRING,
    policy_approval STRING,
    policy_approver STRING,
    policy_reason STRING,
    rollback_available INT64,
    rollback_plan STRING,
    rollback_executed INT64,
    machine_outcome STRING,
    machine_assigned_by STRING,
    machine_confidence DOUBLE,
    machine_notes STRING,
    human_outcome STRING,
    human_assigned_by STRING,
    human_confidence DOUBLE,
    human_notes STRING,
    recovery_primary_metric STRING,
    recovery_before DOUBLE,
    recovery_after_5m DOUBLE,
    recovery_after_15m DOUBLE,
    recovery_unit STRING,
    recovery_slo_restored INT64,
    recovery_side_effects_json STRING,
    evidence_refs_json STRING,
    reflection STRING,
    tags_json STRING
);

CREATE TABLE IF NOT EXISTS action_outcome_episode_metrics (
    episode_id STRING,
    metric_name STRING,
    metric_value DOUBLE
);

CREATE TABLE IF NOT EXISTS action_outcome_retrieval_quality_labels (
    query_id STRING,
    candidate_id STRING,
    quality_label STRING,
    reason STRING
);

CREATE TABLE IF NOT EXISTS action_outcome_replay_recommendations (
    run_id STRING,
    variant STRING,
    query_id STRING,
    recommendation_rank INT64,
    action_class STRING,
    score_micros INT64,
    top_action INT64,
    top3_hit INT64,
    avoids_failed_repeat INT64,
    timestamp_ns INT64
);

CREATE TABLE IF NOT EXISTS action_outcome_gate_suppressions (
    run_id STRING,
    query_id STRING,
    candidate_id STRING,
    action_class STRING,
    outcome_label STRING,
    raw_value_micros INT64,
    gated_value_micros INT64,
    multiplier_micros INT64,
    context_score_micros INT64,
    reasons STRING,
    timestamp_ns INT64
);

INSERT INTO action_outcome_episodes (episode_id, incident_id, incident_type, service, environment, entity_refs_json, pre_start_ns, pre_end_ns, action_ts_ns, post_start_ns, post_end_ns, alerts_json, logs_json, traces_json, topology_upstream_json, topology_downstream_json, blast_radius, change_type, deploy_id, config_id, flag_id, minutes_before_alert, candidate_root_causes_json, action_class, action_target, action_parameters_json, action_actor, action_tool, policy_decision, policy_risk_tier, policy_approval, policy_approver, policy_reason, rollback_available, rollback_plan, rollback_executed, machine_outcome, machine_assigned_by, machine_confidence, machine_notes, human_outcome, human_assigned_by, human_confidence, human_notes, recovery_primary_metric, recovery_before, recovery_after_5m, recovery_after_15m, recovery_unit, recovery_slo_restored, recovery_side_effects_json, evidence_refs_json, reflection, tags_json) VALUES ('aoe_checkout_001', 'inc_checkout_001', 'checkout_latency_after_deploy', 'checkout', 'prod-us-east', '["svc:checkout","dep:payment","deploy:checkout_42"]', 1781344200000000000, 1781344800000000000, 1781344800000000000, 1781344800000000000, 1781345700000000000, '["checkout_p95_latency"]', '["payment client pool wait timeout"]', '["checkout->payment span p99 high"]', '["web"]', '["payment","inventory"]', 'checkout only', 'deploy', 'checkout_42', '', '', 7.0, '[{"cause":"payment_client_pool_exhaustion","confidence":0.72,"evidence":["pool wait timeout","payment spans saturated"]}]', 'rollback', 'checkout', '{"rollback_to":"checkout_41"}', 'human_oncall', 'deployment_controller', 'allow', 'medium', 'human_required', 'oncall_lead', 'single-service rollback with known prior good version', 1, 'redeploy checkout_42 if rollback worsens errors', 0, 'success', 'post_action_metric_rule', 0.91, 'p95 and error rate recovered within 10 minutes', 'success', 'postmortem', 0.95, 'checkout_42 increased payment pool contention', 'checkout.p95_ms', 1320.0, 620.0, 240.0, 'ms', 1, '[]', '[{"description":"checkout latency and error window","ref":"zeptodb://observability_metrics/checkout/inc_checkout_001","type":"metric_window"},{"description":"checkout deploy before alert","ref":"deploy://checkout_42","type":"deploy_event"}]', 'For checkout latency immediately after deploy with payment pool wait logs, rollback restored SLO faster than restart.', '["checkout","deploy","rollback","success"]');
INSERT INTO action_outcome_episode_metrics (episode_id, metric_name, metric_value) VALUES ('aoe_checkout_001', 'error_rate_pct', 4.8);
INSERT INTO action_outcome_episode_metrics (episode_id, metric_name, metric_value) VALUES ('aoe_checkout_001', 'p95_ms', 1320.0);
INSERT INTO action_outcome_episode_metrics (episode_id, metric_name, metric_value) VALUES ('aoe_checkout_001', 'slo_burn_ppm', 7100.0);
INSERT INTO action_outcome_episodes (episode_id, incident_id, incident_type, service, environment, entity_refs_json, pre_start_ns, pre_end_ns, action_ts_ns, post_start_ns, post_end_ns, alerts_json, logs_json, traces_json, topology_upstream_json, topology_downstream_json, blast_radius, change_type, deploy_id, config_id, flag_id, minutes_before_alert, candidate_root_causes_json, action_class, action_target, action_parameters_json, action_actor, action_tool, policy_decision, policy_risk_tier, policy_approval, policy_approver, policy_reason, rollback_available, rollback_plan, rollback_executed, machine_outcome, machine_assigned_by, machine_confidence, machine_notes, human_outcome, human_assigned_by, human_confidence, human_notes, recovery_primary_metric, recovery_before, recovery_after_5m, recovery_after_15m, recovery_unit, recovery_slo_restored, recovery_side_effects_json, evidence_refs_json, reflection, tags_json) VALUES ('aoe_checkout_002', 'inc_checkout_002', 'checkout_latency_after_deploy', 'checkout', 'prod-us-east', '["svc:checkout","pod:checkout-7c9","dep:payment"]', 1781435400000000000, 1781436000000000000, 1781436000000000000, 1781436000000000000, 1781436900000000000, '["checkout_error_rate"]', '["payment client pool wait timeout"]', '["checkout dependency wait"]', '["web"]', '["payment"]', 'checkout only', 'deploy', 'checkout_43', '', '', 9.0, '[{"cause":"hot_pod_after_deploy","confidence":0.51,"evidence":["one pod shows most errors"]}]', 'restart', 'pod:checkout-7c9', '{"grace_period_s":30}', 'human_oncall', 'kubectl', 'allow', 'low', 'auto_allowed', 'policy:auto', 'single stateless pod restart', 1, 'scale replacement pod and drain restarted pod', 0, 'failure', 'post_action_metric_rule', 0.84, 'error rate remained above threshold', 'failure', 'postmortem', 0.9, 'restart did not address deploy-level client pool regression', 'checkout.error_rate_pct', 5.2, 5.0, 4.7, 'percent', 0, '["brief capacity dip"]', '[{"description":"restart did not change service-level errors","ref":"zeptodb://observability_metrics/checkout/inc_checkout_002","type":"metric_window"}]', 'Pod restart is weak for checkout deploy regressions when the same timeout appears across replicas.', '["checkout","deploy","restart","failure"]');
INSERT INTO action_outcome_episode_metrics (episode_id, metric_name, metric_value) VALUES ('aoe_checkout_002', 'error_rate_pct', 5.2);
INSERT INTO action_outcome_episode_metrics (episode_id, metric_name, metric_value) VALUES ('aoe_checkout_002', 'p95_ms', 980.0);
INSERT INTO action_outcome_episode_metrics (episode_id, metric_name, metric_value) VALUES ('aoe_checkout_002', 'slo_burn_ppm', 6400.0);
INSERT INTO action_outcome_episodes (episode_id, incident_id, incident_type, service, environment, entity_refs_json, pre_start_ns, pre_end_ns, action_ts_ns, post_start_ns, post_end_ns, alerts_json, logs_json, traces_json, topology_upstream_json, topology_downstream_json, blast_radius, change_type, deploy_id, config_id, flag_id, minutes_before_alert, candidate_root_causes_json, action_class, action_target, action_parameters_json, action_actor, action_tool, policy_decision, policy_risk_tier, policy_approval, policy_approver, policy_reason, rollback_available, rollback_plan, rollback_executed, machine_outcome, machine_assigned_by, machine_confidence, machine_notes, human_outcome, human_assigned_by, human_confidence, human_notes, recovery_primary_metric, recovery_before, recovery_after_5m, recovery_after_15m, recovery_unit, recovery_slo_restored, recovery_side_effects_json, evidence_refs_json, reflection, tags_json) VALUES ('aoe_checkout_003', 'inc_checkout_003', 'checkout_latency_after_deploy', 'checkout', 'prod-eu-west', '["svc:checkout","hpa:checkout","dep:payment"]', 1781511900000000000, 1781512500000000000, 1781512500000000000, 1781512500000000000, 1781513400000000000, '["checkout_latency","checkout_cpu_high"]', '["slow payment response"]', '["checkout cpu queueing"]', '["web"]', '["payment","inventory"]', 'regional', 'deploy', 'checkout_44', '', '', 12.0, '[{"cause":"capacity_regression","confidence":0.62,"evidence":["cpu high","latency high","low error rate"]}]', 'scale_out', 'hpa:checkout', '{"from":8,"to":14}', 'human_oncall', 'autoscaler', 'allow', 'medium', 'human_required', 'oncall_lead', 'bounded regional scale-out', 1, 'scale back to 8 replicas after SLO recovery', 0, 'partial_success', 'post_action_metric_rule', 0.78, 'latency improved but stayed above target until later config fix', 'partial_success', 'postmortem', 0.86, 'scale-out bought time but deploy still required follow-up patch', 'checkout.p95_ms', 860.0, 530.0, 410.0, 'ms', 0, '["cost spike"]', '[{"description":"latency dropped after scale-out","ref":"zeptodb://observability_metrics/checkout/inc_checkout_003","type":"metric_window"}]', 'Scale-out is useful as mitigation for checkout CPU saturation but should not be treated as durable fix for deploy regressions.', '["checkout","deploy","scale_out","partial_success"]');
INSERT INTO action_outcome_episode_metrics (episode_id, metric_name, metric_value) VALUES ('aoe_checkout_003', 'cpu_pct', 91.0);
INSERT INTO action_outcome_episode_metrics (episode_id, metric_name, metric_value) VALUES ('aoe_checkout_003', 'error_rate_pct', 1.6);
INSERT INTO action_outcome_episode_metrics (episode_id, metric_name, metric_value) VALUES ('aoe_checkout_003', 'p95_ms', 860.0);
INSERT INTO action_outcome_episodes (episode_id, incident_id, incident_type, service, environment, entity_refs_json, pre_start_ns, pre_end_ns, action_ts_ns, post_start_ns, post_end_ns, alerts_json, logs_json, traces_json, topology_upstream_json, topology_downstream_json, blast_radius, change_type, deploy_id, config_id, flag_id, minutes_before_alert, candidate_root_causes_json, action_class, action_target, action_parameters_json, action_actor, action_tool, policy_decision, policy_risk_tier, policy_approval, policy_approver, policy_reason, rollback_available, rollback_plan, rollback_executed, machine_outcome, machine_assigned_by, machine_confidence, machine_notes, human_outcome, human_assigned_by, human_confidence, human_notes, recovery_primary_metric, recovery_before, recovery_after_5m, recovery_after_15m, recovery_unit, recovery_slo_restored, recovery_side_effects_json, evidence_refs_json, reflection, tags_json) VALUES ('aoe_checkout_004', 'inc_checkout_004', 'checkout_latency_after_deploy', 'checkout', 'prod-us-west', '["svc:checkout","config:payment_pool","dep:payment"]', 1781625600000000000, 1781626200000000000, 1781626200000000000, 1781626200000000000, 1781627100000000000, '["checkout_latency"]', '["pool max connections reached"]', '["payment wait dominates"]', '["web"]', '["payment"]', 'checkout only', 'config', '', 'payment_pool_17', '', 5.0, '[{"cause":"payment_pool_limit_too_low","confidence":0.83,"evidence":["pool max logs","config changed before alert"]}]', 'config_revert', 'config:payment_pool', '{"revert_to":"payment_pool_16"}', 'human_oncall', 'config_service', 'allow', 'medium', 'human_required', 'oncall_lead', 'recent config has known previous value', 1, 'reapply payment_pool_17 if revert increases payment errors', 0, 'success', 'post_action_metric_rule', 0.92, 'pool wait and p95 recovered', 'success', 'postmortem', 0.94, 'config revert fixed bad pool size', 'checkout.pool_wait_ms', 480.0, 110.0, 35.0, 'ms', 1, '[]', '[{"description":"recent config change","ref":"config://payment_pool_17","type":"deploy_event"},{"description":"pool wait recovery","ref":"zeptodb://observability_metrics/checkout/inc_checkout_004","type":"metric_window"}]', 'When checkout latency follows a payment pool config change, config revert is safer and more direct than restart.', '["checkout","config","config_revert","success"]');
INSERT INTO action_outcome_episode_metrics (episode_id, metric_name, metric_value) VALUES ('aoe_checkout_004', 'error_rate_pct', 3.1);
INSERT INTO action_outcome_episode_metrics (episode_id, metric_name, metric_value) VALUES ('aoe_checkout_004', 'p95_ms', 1040.0);
INSERT INTO action_outcome_episode_metrics (episode_id, metric_name, metric_value) VALUES ('aoe_checkout_004', 'pool_wait_ms', 480.0);
INSERT INTO action_outcome_episodes (episode_id, incident_id, incident_type, service, environment, entity_refs_json, pre_start_ns, pre_end_ns, action_ts_ns, post_start_ns, post_end_ns, alerts_json, logs_json, traces_json, topology_upstream_json, topology_downstream_json, blast_radius, change_type, deploy_id, config_id, flag_id, minutes_before_alert, candidate_root_causes_json, action_class, action_target, action_parameters_json, action_actor, action_tool, policy_decision, policy_risk_tier, policy_approval, policy_approver, policy_reason, rollback_available, rollback_plan, rollback_executed, machine_outcome, machine_assigned_by, machine_confidence, machine_notes, human_outcome, human_assigned_by, human_confidence, human_notes, recovery_primary_metric, recovery_before, recovery_after_5m, recovery_after_15m, recovery_unit, recovery_slo_restored, recovery_side_effects_json, evidence_refs_json, reflection, tags_json) VALUES ('aoe_payment_001', 'inc_payment_001', 'payment_dependency_timeout', 'payment', 'prod-us-east', '["svc:payment","dep:bank_gateway","route:bank_gateway_a"]', 1781697600000000000, 1781698200000000000, 1781698200000000000, 1781698200000000000, 1781699100000000000, '["payment_gateway_timeout"]', '["bank gateway A timeout"]', '["payment->bank_gateway_a timeout"]', '["checkout"]', '["bank_gateway_a","bank_gateway_b"]', 'payments', 'none', '', '', '', 0, '[{"cause":"bank_gateway_a_degradation","confidence":0.78,"evidence":["timeouts isolated to gateway A"]}]', 'traffic_drain', 'route:bank_gateway_a', '{"drain_pct":100,"shift_to":"bank_gateway_b"}', 'human_oncall', 'traffic_router', 'allow', 'high', 'human_required', 'incident_commander', 'payment route drain changes external dependency traffic', 1, 'restore gateway A to 50 percent if gateway B saturates', 0, 'success', 'post_action_metric_rule', 0.89, 'timeouts dropped and success rate recovered', 'success', 'postmortem', 0.92, 'external gateway A outage confirmed', 'payment.timeout_pct', 9.8, 2.1, 0.4, 'percent', 1, '["gateway_b_load_high_warning"]', '[{"description":"timeouts isolated to gateway A","ref":"zeptodb://traces/payment/inc_payment_001","type":"trace_window"}]', 'Drain degraded payment gateway traffic when timeout traces isolate one external route.', '["payment","dependency","traffic_drain","success"]');
INSERT INTO action_outcome_episode_metrics (episode_id, metric_name, metric_value) VALUES ('aoe_payment_001', 'p95_ms', 2100.0);
INSERT INTO action_outcome_episode_metrics (episode_id, metric_name, metric_value) VALUES ('aoe_payment_001', 'success_pct', 88.0);
INSERT INTO action_outcome_episode_metrics (episode_id, metric_name, metric_value) VALUES ('aoe_payment_001', 'timeout_pct', 9.8);
INSERT INTO action_outcome_episodes (episode_id, incident_id, incident_type, service, environment, entity_refs_json, pre_start_ns, pre_end_ns, action_ts_ns, post_start_ns, post_end_ns, alerts_json, logs_json, traces_json, topology_upstream_json, topology_downstream_json, blast_radius, change_type, deploy_id, config_id, flag_id, minutes_before_alert, candidate_root_causes_json, action_class, action_target, action_parameters_json, action_actor, action_tool, policy_decision, policy_risk_tier, policy_approval, policy_approver, policy_reason, rollback_available, rollback_plan, rollback_executed, machine_outcome, machine_assigned_by, machine_confidence, machine_notes, human_outcome, human_assigned_by, human_confidence, human_notes, recovery_primary_metric, recovery_before, recovery_after_5m, recovery_after_15m, recovery_unit, recovery_slo_restored, recovery_side_effects_json, evidence_refs_json, reflection, tags_json) VALUES ('aoe_payment_002', 'inc_payment_002', 'payment_dependency_timeout', 'payment', 'prod-us-east', '["svc:payment","hpa:payment","dep:bank_gateway"]', 1781787600000000000, 1781788200000000000, 1781788200000000000, 1781788200000000000, 1781789100000000000, '["payment_gateway_timeout"]', '["bank gateway timeout"]', '["external dependency timeout"]', '["checkout"]', '["bank_gateway"]', 'payments', 'none', '', '', '', 0, '[{"cause":"payment_capacity_shortage","confidence":0.36,"evidence":["timeouts visible at payment layer"]}]', 'scale_out', 'hpa:payment', '{"from":10,"to":18}', 'human_oncall', 'autoscaler', 'allow', 'medium', 'human_required', 'oncall_lead', 'bounded payment scale-out', 1, 'scale back after 30 minutes', 1, 'failure', 'post_action_metric_rule', 0.82, 'timeouts unchanged after scale-out', 'failure', 'postmortem', 0.88, 'capacity was not the root cause; external gateway was timing out', 'payment.timeout_pct', 7.2, 7.0, 6.9, 'percent', 0, '["unneeded cost increase"]', '[{"description":"scale-out did not reduce external timeouts","ref":"zeptodb://observability_metrics/payment/inc_payment_002","type":"metric_window"}]', 'Scale-out is ineffective for payment incidents when CPU is normal and traces point to external dependency timeout.', '["payment","dependency","scale_out","failure"]');
INSERT INTO action_outcome_episode_metrics (episode_id, metric_name, metric_value) VALUES ('aoe_payment_002', 'cpu_pct', 42.0);
INSERT INTO action_outcome_episode_metrics (episode_id, metric_name, metric_value) VALUES ('aoe_payment_002', 'success_pct', 90.5);
INSERT INTO action_outcome_episode_metrics (episode_id, metric_name, metric_value) VALUES ('aoe_payment_002', 'timeout_pct', 7.2);
INSERT INTO action_outcome_episodes (episode_id, incident_id, incident_type, service, environment, entity_refs_json, pre_start_ns, pre_end_ns, action_ts_ns, post_start_ns, post_end_ns, alerts_json, logs_json, traces_json, topology_upstream_json, topology_downstream_json, blast_radius, change_type, deploy_id, config_id, flag_id, minutes_before_alert, candidate_root_causes_json, action_class, action_target, action_parameters_json, action_actor, action_tool, policy_decision, policy_risk_tier, policy_approval, policy_approver, policy_reason, rollback_available, rollback_plan, rollback_executed, machine_outcome, machine_assigned_by, machine_confidence, machine_notes, human_outcome, human_assigned_by, human_confidence, human_notes, recovery_primary_metric, recovery_before, recovery_after_5m, recovery_after_15m, recovery_unit, recovery_slo_restored, recovery_side_effects_json, evidence_refs_json, reflection, tags_json) VALUES ('aoe_payment_003', 'inc_payment_003', 'payment_dependency_timeout', 'payment', 'prod-eu-west', '["svc:payment","pod:payment-55d","dep:bank_gateway"]', 1781882400000000000, 1781883000000000000, 1781883000000000000, 1781883000000000000, 1781883900000000000, '["payment_error_rate"]', '["tls handshake cache corrupt"]', '["errors skewed to one pod"]', '["checkout"]', '["bank_gateway"]', 'single pod skew', 'none', '', '', '', 0, '[{"cause":"single_pod_bad_tls_state","confidence":0.69,"evidence":["errors concentrated on one pod"]}]', 'restart', 'pod:payment-55d', '{"grace_period_s":30}', 'human_oncall', 'kubectl', 'allow', 'low', 'auto_allowed', 'policy:auto', 'single stateless pod restart', 1, 'replace pod if restart loops', 0, 'success', 'post_action_metric_rule', 0.87, 'pod error skew disappeared', 'success', 'postmortem', 0.88, 'restart cleared corrupted TLS state', 'payment.pod_error_skew_pct', 68.0, 12.0, 3.0, 'percent', 1, '[]', '[{"description":"single pod TLS cache errors","ref":"zeptodb://logs/payment/inc_payment_003","type":"log_window"}]', 'Restart is useful when payment errors are strongly skewed to one stateless pod.', '["payment","pod_skew","restart","success"]');
INSERT INTO action_outcome_episode_metrics (episode_id, metric_name, metric_value) VALUES ('aoe_payment_003', 'pod_error_skew_pct', 68.0);
INSERT INTO action_outcome_episode_metrics (episode_id, metric_name, metric_value) VALUES ('aoe_payment_003', 'success_pct', 92.0);
INSERT INTO action_outcome_episode_metrics (episode_id, metric_name, metric_value) VALUES ('aoe_payment_003', 'timeout_pct', 4.4);
INSERT INTO action_outcome_episodes (episode_id, incident_id, incident_type, service, environment, entity_refs_json, pre_start_ns, pre_end_ns, action_ts_ns, post_start_ns, post_end_ns, alerts_json, logs_json, traces_json, topology_upstream_json, topology_downstream_json, blast_radius, change_type, deploy_id, config_id, flag_id, minutes_before_alert, candidate_root_causes_json, action_class, action_target, action_parameters_json, action_actor, action_tool, policy_decision, policy_risk_tier, policy_approval, policy_approver, policy_reason, rollback_available, rollback_plan, rollback_executed, machine_outcome, machine_assigned_by, machine_confidence, machine_notes, human_outcome, human_assigned_by, human_confidence, human_notes, recovery_primary_metric, recovery_before, recovery_after_5m, recovery_after_15m, recovery_unit, recovery_slo_restored, recovery_side_effects_json, evidence_refs_json, reflection, tags_json) VALUES ('aoe_payment_004', 'inc_payment_004', 'payment_dependency_timeout', 'payment', 'prod-us-west', '["svc:payment","deploy:payment_31","dep:bank_gateway"]', 1781978400000000000, 1781979000000000000, 1781979000000000000, 1781979000000000000, 1781979900000000000, '["payment_timeout","checkout_errors"]', '["retry budget exceeded"]', '["payment retries amplify latency"]', '["checkout"]', '["bank_gateway"]', 'checkout and payment', 'deploy', 'payment_31', '', '', 11.0, '[{"cause":"retry_policy_regression","confidence":0.81,"evidence":["retry logs begin after deploy"]}]', 'rollback', 'payment', '{"rollback_to":"payment_30"}', 'human_oncall', 'deployment_controller', 'allow', 'high', 'human_required', 'incident_commander', 'payment rollback affects checkout path but has known stable version', 1, 'redeploy payment_31 after retry fix', 0, 'success', 'post_action_metric_rule', 0.9, 'timeouts and checkout errors recovered', 'success', 'postmortem', 0.93, 'bad retry policy in payment_31', 'payment.timeout_pct', 6.9, 1.9, 0.6, 'percent', 1, '[]', '[{"description":"payment deploy before retry storm","ref":"deploy://payment_31","type":"deploy_event"}]', 'Rollback is the preferred action when payment timeouts align with a retry-policy deploy.', '["payment","deploy","rollback","success"]');
INSERT INTO action_outcome_episode_metrics (episode_id, metric_name, metric_value) VALUES ('aoe_payment_004', 'p95_ms', 1840.0);
INSERT INTO action_outcome_episode_metrics (episode_id, metric_name, metric_value) VALUES ('aoe_payment_004', 'success_pct', 89.7);
INSERT INTO action_outcome_episode_metrics (episode_id, metric_name, metric_value) VALUES ('aoe_payment_004', 'timeout_pct', 6.9);
INSERT INTO action_outcome_episodes (episode_id, incident_id, incident_type, service, environment, entity_refs_json, pre_start_ns, pre_end_ns, action_ts_ns, post_start_ns, post_end_ns, alerts_json, logs_json, traces_json, topology_upstream_json, topology_downstream_json, blast_radius, change_type, deploy_id, config_id, flag_id, minutes_before_alert, candidate_root_causes_json, action_class, action_target, action_parameters_json, action_actor, action_tool, policy_decision, policy_risk_tier, policy_approval, policy_approver, policy_reason, rollback_available, rollback_plan, rollback_executed, machine_outcome, machine_assigned_by, machine_confidence, machine_notes, human_outcome, human_assigned_by, human_confidence, human_notes, recovery_primary_metric, recovery_before, recovery_after_5m, recovery_after_15m, recovery_unit, recovery_slo_restored, recovery_side_effects_json, evidence_refs_json, reflection, tags_json) VALUES ('aoe_inventory_001', 'inc_inventory_001', 'inventory_db_connection_pool', 'inventory', 'prod-us-east', '["svc:inventory","db:inventory-primary","config:inventory_pool"]', 1782032400000000000, 1782033000000000000, 1782033000000000000, 1782033000000000000, 1782033900000000000, '["inventory_db_pool_exhausted"]', '["database pool exhausted"]', '["inventory db acquire slow"]', '["checkout","catalog"]', '["inventory-db"]', 'inventory reads', 'config', '', 'inventory_pool_9', '', 6.0, '[{"cause":"pool_limit_config_regression","confidence":0.84,"evidence":["pool config changed","db usage saturated"]}]', 'config_revert', 'config:inventory_pool', '{"revert_to":"inventory_pool_8"}', 'human_oncall', 'config_service', 'allow', 'medium', 'human_required', 'oncall_lead', 'recent config revert with prior good value', 1, 'restore inventory_pool_9 if db overload increases', 0, 'success', 'post_action_metric_rule', 0.9, 'pool wait and p95 recovered', 'success', 'postmortem', 0.92, 'bad pool config caused exhaustion', 'inventory.pool_wait_ms', 620.0, 180.0, 42.0, 'ms', 1, '[]', '[{"description":"db pool recovery","ref":"zeptodb://observability_metrics/inventory/inc_inventory_001","type":"metric_window"}]', 'Config revert is strong when inventory pool exhaustion follows a pool-limit change.', '["inventory","db_pool","config_revert","success"]');
INSERT INTO action_outcome_episode_metrics (episode_id, metric_name, metric_value) VALUES ('aoe_inventory_001', 'db_conn_used_pct', 99.0);
INSERT INTO action_outcome_episode_metrics (episode_id, metric_name, metric_value) VALUES ('aoe_inventory_001', 'p95_ms', 1430.0);
INSERT INTO action_outcome_episode_metrics (episode_id, metric_name, metric_value) VALUES ('aoe_inventory_001', 'pool_wait_ms', 620.0);
INSERT INTO action_outcome_episodes (episode_id, incident_id, incident_type, service, environment, entity_refs_json, pre_start_ns, pre_end_ns, action_ts_ns, post_start_ns, post_end_ns, alerts_json, logs_json, traces_json, topology_upstream_json, topology_downstream_json, blast_radius, change_type, deploy_id, config_id, flag_id, minutes_before_alert, candidate_root_causes_json, action_class, action_target, action_parameters_json, action_actor, action_tool, policy_decision, policy_risk_tier, policy_approval, policy_approver, policy_reason, rollback_available, rollback_plan, rollback_executed, machine_outcome, machine_assigned_by, machine_confidence, machine_notes, human_outcome, human_assigned_by, human_confidence, human_notes, recovery_primary_metric, recovery_before, recovery_after_5m, recovery_after_15m, recovery_unit, recovery_slo_restored, recovery_side_effects_json, evidence_refs_json, reflection, tags_json) VALUES ('aoe_inventory_002', 'inc_inventory_002', 'inventory_db_connection_pool', 'inventory', 'prod-us-east', '["svc:inventory","hpa:inventory","db:inventory-primary"]', 1782122400000000000, 1782123000000000000, 1782123000000000000, 1782123000000000000, 1782123900000000000, '["inventory_db_pool_exhausted"]', '["database pool exhausted"]', '["db acquire wait"]', '["checkout","catalog"]', '["inventory-db"]', 'inventory reads', 'none', '', '', '', 0, '[{"cause":"inventory_replica_shortage","confidence":0.48,"evidence":["high request volume"]}]', 'scale_out', 'hpa:inventory', '{"from":6,"to":12}', 'human_oncall', 'autoscaler', 'allow', 'medium', 'human_required', 'oncall_lead', 'bounded scale-out', 1, 'scale down if db connections worsen', 1, 'rollback_required', 'post_action_metric_rule', 0.86, 'db connection pressure worsened after scale-out', 'rollback_required', 'postmortem', 0.9, 'scaling app replicas increased db connection contention', 'inventory.db_conn_used_pct', 98.0, 100.0, 99.0, 'percent', 0, '["db saturation worsened"]', '[{"description":"scale-out increased db pressure","ref":"zeptodb://observability_metrics/inventory/inc_inventory_002","type":"metric_window"}]', 'Do not scale out inventory when database pool is saturated; it can worsen connection contention.', '["inventory","db_pool","scale_out","rollback_required"]');
INSERT INTO action_outcome_episode_metrics (episode_id, metric_name, metric_value) VALUES ('aoe_inventory_002', 'db_conn_used_pct', 98.0);
INSERT INTO action_outcome_episode_metrics (episode_id, metric_name, metric_value) VALUES ('aoe_inventory_002', 'p95_ms', 1210.0);
INSERT INTO action_outcome_episode_metrics (episode_id, metric_name, metric_value) VALUES ('aoe_inventory_002', 'pool_wait_ms', 540.0);
INSERT INTO action_outcome_episodes (episode_id, incident_id, incident_type, service, environment, entity_refs_json, pre_start_ns, pre_end_ns, action_ts_ns, post_start_ns, post_end_ns, alerts_json, logs_json, traces_json, topology_upstream_json, topology_downstream_json, blast_radius, change_type, deploy_id, config_id, flag_id, minutes_before_alert, candidate_root_causes_json, action_class, action_target, action_parameters_json, action_actor, action_tool, policy_decision, policy_risk_tier, policy_approval, policy_approver, policy_reason, rollback_available, rollback_plan, rollback_executed, machine_outcome, machine_assigned_by, machine_confidence, machine_notes, human_outcome, human_assigned_by, human_confidence, human_notes, recovery_primary_metric, recovery_before, recovery_after_5m, recovery_after_15m, recovery_unit, recovery_slo_restored, recovery_side_effects_json, evidence_refs_json, reflection, tags_json) VALUES ('aoe_inventory_003', 'inc_inventory_003', 'inventory_db_connection_pool', 'inventory', 'prod-eu-west', '["svc:inventory","pod:inventory-9af","db:inventory-primary"]', 1782200400000000000, 1782201000000000000, 1782201000000000000, 1782201000000000000, 1782201900000000000, '["inventory_partial_errors"]', '["stale db connection on one pod"]', '["errors skewed to pod inventory-9af"]', '["catalog"]', '["inventory-db"]', 'single pod skew', 'none', '', '', '', 0, '[{"cause":"single_pod_stale_connections","confidence":0.75,"evidence":["errors concentrated on one pod"]}]', 'restart', 'pod:inventory-9af', '{"grace_period_s":30}', 'human_oncall', 'kubectl', 'allow', 'low', 'auto_allowed', 'policy:auto', 'single stateless pod restart', 1, 'replace pod if restart loops', 0, 'success', 'post_action_metric_rule', 0.85, 'error skew disappeared', 'success', 'postmortem', 0.88, 'restart cleared stale db connections', 'inventory.pod_error_skew_pct', 74.0, 16.0, 5.0, 'percent', 1, '[]', '[{"description":"single pod stale db connection logs","ref":"zeptodb://logs/inventory/inc_inventory_003","type":"log_window"}]', 'Restart is appropriate for inventory db errors only when skewed to one pod, not for service-wide pool exhaustion.', '["inventory","pod_skew","restart","success"]');
INSERT INTO action_outcome_episode_metrics (episode_id, metric_name, metric_value) VALUES ('aoe_inventory_003', 'p95_ms', 610.0);
INSERT INTO action_outcome_episode_metrics (episode_id, metric_name, metric_value) VALUES ('aoe_inventory_003', 'pod_error_skew_pct', 74.0);
INSERT INTO action_outcome_episode_metrics (episode_id, metric_name, metric_value) VALUES ('aoe_inventory_003', 'pool_wait_ms', 210.0);
INSERT INTO action_outcome_episodes (episode_id, incident_id, incident_type, service, environment, entity_refs_json, pre_start_ns, pre_end_ns, action_ts_ns, post_start_ns, post_end_ns, alerts_json, logs_json, traces_json, topology_upstream_json, topology_downstream_json, blast_radius, change_type, deploy_id, config_id, flag_id, minutes_before_alert, candidate_root_causes_json, action_class, action_target, action_parameters_json, action_actor, action_tool, policy_decision, policy_risk_tier, policy_approval, policy_approver, policy_reason, rollback_available, rollback_plan, rollback_executed, machine_outcome, machine_assigned_by, machine_confidence, machine_notes, human_outcome, human_assigned_by, human_confidence, human_notes, recovery_primary_metric, recovery_before, recovery_after_5m, recovery_after_15m, recovery_unit, recovery_slo_restored, recovery_side_effects_json, evidence_refs_json, reflection, tags_json) VALUES ('aoe_inventory_004', 'inc_inventory_004', 'inventory_db_connection_pool', 'inventory', 'prod-us-west', '["svc:inventory","db:inventory-primary","route:inventory-writes"]', 1782331800000000000, 1782332400000000000, 1782332400000000000, 1782332400000000000, 1782333300000000000, '["inventory_db_saturation"]', '["db connection refused"]', '["inventory writes blocked"]', '["checkout","admin"]', '["inventory-db"]', 'inventory writes', 'bulk_import', '', '', '', 3.0, '[{"cause":"bulk_import_db_saturation","confidence":0.79,"evidence":["bulk import starts before saturation"]}]', 'traffic_drain', 'route:inventory-writes', '{"drain_source":"bulk_import","duration_min":20}', 'human_oncall', 'traffic_router', 'allow', 'high', 'human_required', 'incident_commander', 'temporary drain protects checkout writes', 1, 'resume bulk import after db connections recover', 0, 'success', 'post_action_metric_rule', 0.87, 'db saturation cleared after draining import writes', 'success', 'postmortem', 0.9, 'bulk import overwhelmed db pool', 'inventory.db_conn_used_pct', 100.0, 83.0, 61.0, 'percent', 1, '["bulk import delayed"]', '[{"description":"bulk import change ticket","ref":"ticket://bulk_import_2026_06_24","type":"ticket"},{"description":"db saturation recovery","ref":"zeptodb://observability_metrics/inventory/inc_inventory_004","type":"metric_window"}]', 'Traffic drain is useful for inventory db saturation caused by non-critical bulk writes.', '["inventory","db_pool","traffic_drain","success"]');
INSERT INTO action_outcome_episode_metrics (episode_id, metric_name, metric_value) VALUES ('aoe_inventory_004', 'db_conn_used_pct', 100.0);
INSERT INTO action_outcome_episode_metrics (episode_id, metric_name, metric_value) VALUES ('aoe_inventory_004', 'p95_ms', 1600.0);
INSERT INTO action_outcome_episode_metrics (episode_id, metric_name, metric_value) VALUES ('aoe_inventory_004', 'write_qps', 2.4);
INSERT INTO action_outcome_episodes (episode_id, incident_id, incident_type, service, environment, entity_refs_json, pre_start_ns, pre_end_ns, action_ts_ns, post_start_ns, post_end_ns, alerts_json, logs_json, traces_json, topology_upstream_json, topology_downstream_json, blast_radius, change_type, deploy_id, config_id, flag_id, minutes_before_alert, candidate_root_causes_json, action_class, action_target, action_parameters_json, action_actor, action_tool, policy_decision, policy_risk_tier, policy_approval, policy_approver, policy_reason, rollback_available, rollback_plan, rollback_executed, machine_outcome, machine_assigned_by, machine_confidence, machine_notes, human_outcome, human_assigned_by, human_confidence, human_notes, recovery_primary_metric, recovery_before, recovery_after_5m, recovery_after_15m, recovery_unit, recovery_slo_restored, recovery_side_effects_json, evidence_refs_json, reflection, tags_json) VALUES ('aoe_cache_001', 'inc_cache_001', 'recommendation_cache_stale', 'recommendation', 'prod-us-east', '["svc:recommendation","cache:redis-rec","feature:personalized_ranker"]', 1782396000000000000, 1782396600000000000, 1782396600000000000, 1782396600000000000, 1782397500000000000, '["recommendation_ctr_drop"]', '["stale segment cache"]', '["ranker returns old segment"]', '["web"]', '["redis-rec","feature-store"]', 'recommendations', 'feature_flag', '', '', 'ranker_segments_v3', 8.0, '[{"cause":"stale_recommendation_cache","confidence":0.82,"evidence":["freshness lag high","cache hit rate high"]}]', 'cache_purge', 'cache:redis-rec', '{"namespace":"ranker_segments_v3"}', 'human_oncall', 'cache_admin', 'allow', 'medium', 'human_required', 'oncall_lead', 'targeted namespace purge', 0, 'allow cache refill from feature store', 0, 'success', 'post_action_metric_rule', 0.88, 'freshness lag cleared and CTR recovered', 'success', 'postmortem', 0.9, 'cache namespace stale after flag rollout', 'recommendation.freshness_lag_s', 1800.0, 240.0, 20.0, 'seconds', 1, '["temporary cache miss spike"]', '[{"description":"freshness recovery after purge","ref":"zeptodb://observability_metrics/recommendation/inc_cache_001","type":"metric_window"}]', 'Targeted cache purge works when recommendation freshness lag rises with high cache hit rate after a flag change.', '["recommendation","cache","cache_purge","success"]');
INSERT INTO action_outcome_episode_metrics (episode_id, metric_name, metric_value) VALUES ('aoe_cache_001', 'cache_hit_pct', 99.2);
INSERT INTO action_outcome_episode_metrics (episode_id, metric_name, metric_value) VALUES ('aoe_cache_001', 'ctr_delta_pct', -18.0);
INSERT INTO action_outcome_episode_metrics (episode_id, metric_name, metric_value) VALUES ('aoe_cache_001', 'freshness_lag_s', 1800.0);
INSERT INTO action_outcome_episodes (episode_id, incident_id, incident_type, service, environment, entity_refs_json, pre_start_ns, pre_end_ns, action_ts_ns, post_start_ns, post_end_ns, alerts_json, logs_json, traces_json, topology_upstream_json, topology_downstream_json, blast_radius, change_type, deploy_id, config_id, flag_id, minutes_before_alert, candidate_root_causes_json, action_class, action_target, action_parameters_json, action_actor, action_tool, policy_decision, policy_risk_tier, policy_approval, policy_approver, policy_reason, rollback_available, rollback_plan, rollback_executed, machine_outcome, machine_assigned_by, machine_confidence, machine_notes, human_outcome, human_assigned_by, human_confidence, human_notes, recovery_primary_metric, recovery_before, recovery_after_5m, recovery_after_15m, recovery_unit, recovery_slo_restored, recovery_side_effects_json, evidence_refs_json, reflection, tags_json) VALUES ('aoe_cache_002', 'inc_cache_002', 'recommendation_cache_stale', 'recommendation', 'prod-us-east', '["svc:recommendation","pod:recommendation-2bd","cache:redis-rec"]', 1782486000000000000, 1782486600000000000, 1782486600000000000, 1782486600000000000, 1782487500000000000, '["recommendation_ctr_drop"]', '["stale segment cache"]', '["cache read returns old feature"]', '["web"]', '["redis-rec","feature-store"]', 'recommendations', 'feature_flag', '', '', 'ranker_segments_v3', 10.0, '[{"cause":"hot_recommendation_pod","confidence":0.42,"evidence":["one pod has higher latency"]}]', 'restart', 'pod:recommendation-2bd', '{"grace_period_s":30}', 'human_oncall', 'kubectl', 'allow', 'low', 'auto_allowed', 'policy:auto', 'single stateless pod restart', 1, 'replace pod if restart loops', 0, 'failure', 'post_action_metric_rule', 0.81, 'freshness lag unchanged', 'failure', 'postmortem', 0.87, 'problem was shared cache, not pod state', 'recommendation.freshness_lag_s', 1500.0, 1490.0, 1410.0, 'seconds', 0, '["brief pod cold start"]', '[{"description":"restart did not clear cache staleness","ref":"zeptodb://observability_metrics/recommendation/inc_cache_002","type":"metric_window"}]', 'Pod restart does not fix recommendation staleness when cache hit rate is high and freshness lag is shared.', '["recommendation","cache","restart","failure"]');
INSERT INTO action_outcome_episode_metrics (episode_id, metric_name, metric_value) VALUES ('aoe_cache_002', 'cache_hit_pct', 98.7);
INSERT INTO action_outcome_episode_metrics (episode_id, metric_name, metric_value) VALUES ('aoe_cache_002', 'ctr_delta_pct', -14.0);
INSERT INTO action_outcome_episode_metrics (episode_id, metric_name, metric_value) VALUES ('aoe_cache_002', 'freshness_lag_s', 1500.0);
INSERT INTO action_outcome_episodes (episode_id, incident_id, incident_type, service, environment, entity_refs_json, pre_start_ns, pre_end_ns, action_ts_ns, post_start_ns, post_end_ns, alerts_json, logs_json, traces_json, topology_upstream_json, topology_downstream_json, blast_radius, change_type, deploy_id, config_id, flag_id, minutes_before_alert, candidate_root_causes_json, action_class, action_target, action_parameters_json, action_actor, action_tool, policy_decision, policy_risk_tier, policy_approval, policy_approver, policy_reason, rollback_available, rollback_plan, rollback_executed, machine_outcome, machine_assigned_by, machine_confidence, machine_notes, human_outcome, human_assigned_by, human_confidence, human_notes, recovery_primary_metric, recovery_before, recovery_after_5m, recovery_after_15m, recovery_unit, recovery_slo_restored, recovery_side_effects_json, evidence_refs_json, reflection, tags_json) VALUES ('aoe_cache_003', 'inc_cache_003', 'recommendation_cache_stale', 'recommendation', 'prod-eu-west', '["svc:recommendation","feature:personalized_ranker","deploy:recommendation_58"]', 1782552600000000000, 1782553200000000000, 1782553200000000000, 1782553200000000000, 1782554100000000000, '["recommendation_ctr_drop","ranker_error_rate"]', '["ranker v58 missing segment fallback"]', '["fallback ranker path high"]', '["web"]', '["redis-rec","feature-store"]', 'recommendations', 'deploy', 'recommendation_58', '', '', 6.0, '[{"cause":"ranker_deploy_regression","confidence":0.8,"evidence":["errors start after deploy","fallback path high"]}]', 'rollback', 'recommendation', '{"rollback_to":"recommendation_57"}', 'human_oncall', 'deployment_controller', 'allow', 'medium', 'human_required', 'oncall_lead', 'single-service rollback', 1, 'redeploy v58 after fallback fix', 0, 'success', 'post_action_metric_rule', 0.86, 'error rate and CTR recovered', 'success', 'postmortem', 0.9, 'bad ranker deploy caused stale fallback', 'recommendation.ctr_delta_pct', -22.0, -7.0, -1.0, 'percent_delta', 1, '[]', '[{"description":"ranker deploy before CTR drop","ref":"deploy://recommendation_58","type":"deploy_event"}]', 'Rollback is better than cache purge when recommendation staleness coincides with ranker errors after deploy.', '["recommendation","deploy","rollback","success"]');
INSERT INTO action_outcome_episode_metrics (episode_id, metric_name, metric_value) VALUES ('aoe_cache_003', 'ctr_delta_pct', -22.0);
INSERT INTO action_outcome_episode_metrics (episode_id, metric_name, metric_value) VALUES ('aoe_cache_003', 'error_rate_pct', 2.2);
INSERT INTO action_outcome_episode_metrics (episode_id, metric_name, metric_value) VALUES ('aoe_cache_003', 'freshness_lag_s', 900.0);
INSERT INTO action_outcome_episodes (episode_id, incident_id, incident_type, service, environment, entity_refs_json, pre_start_ns, pre_end_ns, action_ts_ns, post_start_ns, post_end_ns, alerts_json, logs_json, traces_json, topology_upstream_json, topology_downstream_json, blast_radius, change_type, deploy_id, config_id, flag_id, minutes_before_alert, candidate_root_causes_json, action_class, action_target, action_parameters_json, action_actor, action_tool, policy_decision, policy_risk_tier, policy_approval, policy_approver, policy_reason, rollback_available, rollback_plan, rollback_executed, machine_outcome, machine_assigned_by, machine_confidence, machine_notes, human_outcome, human_assigned_by, human_confidence, human_notes, recovery_primary_metric, recovery_before, recovery_after_5m, recovery_after_15m, recovery_unit, recovery_slo_restored, recovery_side_effects_json, evidence_refs_json, reflection, tags_json) VALUES ('aoe_cache_004', 'inc_cache_004', 'recommendation_cache_stale', 'recommendation', 'prod-us-west', '["svc:recommendation","hpa:recommendation","cache:redis-rec"]', 1782673800000000000, 1782674400000000000, 1782674400000000000, 1782674400000000000, 1782675300000000000, '["recommendation_ctr_drop"]', '["stale segment cache"]', '["cache hit stale"]', '["web"]', '["redis-rec"]', 'recommendations', 'feature_flag', '', '', 'ranker_segments_v4', 7.0, '[{"cause":"insufficient_recommendation_capacity","confidence":0.28,"evidence":["CTR drop under traffic"]}]', 'scale_out', 'hpa:recommendation', '{"from":12,"to":20}', 'human_oncall', 'autoscaler', 'allow', 'medium', 'human_required', 'oncall_lead', 'bounded scale-out', 1, 'scale back after 30 minutes', 1, 'failure', 'post_action_metric_rule', 0.8, 'freshness lag unchanged despite extra replicas', 'failure', 'postmortem', 0.86, 'shared cache staleness was root cause', 'recommendation.freshness_lag_s', 1700.0, 1680.0, 1650.0, 'seconds', 0, '["unneeded cost increase"]', '[{"description":"scale-out did not improve freshness","ref":"zeptodb://observability_metrics/recommendation/inc_cache_004","type":"metric_window"}]', 'Scale-out is a poor response for recommendation cache staleness when CPU is low and freshness lag is high.', '["recommendation","cache","scale_out","failure"]');
INSERT INTO action_outcome_episode_metrics (episode_id, metric_name, metric_value) VALUES ('aoe_cache_004', 'cpu_pct', 37.0);
INSERT INTO action_outcome_episode_metrics (episode_id, metric_name, metric_value) VALUES ('aoe_cache_004', 'ctr_delta_pct', -16.5);
INSERT INTO action_outcome_episode_metrics (episode_id, metric_name, metric_value) VALUES ('aoe_cache_004', 'freshness_lag_s', 1700.0);
INSERT INTO action_outcome_episodes (episode_id, incident_id, incident_type, service, environment, entity_refs_json, pre_start_ns, pre_end_ns, action_ts_ns, post_start_ns, post_end_ns, alerts_json, logs_json, traces_json, topology_upstream_json, topology_downstream_json, blast_radius, change_type, deploy_id, config_id, flag_id, minutes_before_alert, candidate_root_causes_json, action_class, action_target, action_parameters_json, action_actor, action_tool, policy_decision, policy_risk_tier, policy_approval, policy_approver, policy_reason, rollback_available, rollback_plan, rollback_executed, machine_outcome, machine_assigned_by, machine_confidence, machine_notes, human_outcome, human_assigned_by, human_confidence, human_notes, recovery_primary_metric, recovery_before, recovery_after_5m, recovery_after_15m, recovery_unit, recovery_slo_restored, recovery_side_effects_json, evidence_refs_json, reflection, tags_json) VALUES ('aoe_queue_001', 'inc_queue_001', 'order_queue_backlog', 'orders', 'prod-us-east', '["svc:orders","queue:order-events","consumer:orders-worker"]', 1782712800000000000, 1782713400000000000, 1782713400000000000, 1782713400000000000, 1782714300000000000, '["order_queue_lag"]', '["consumer lag increasing"]', '["order worker slow consume"]', '["checkout"]', '["warehouse","email"]', 'async order processing', 'traffic_spike', '', '', '', 15.0, '[{"cause":"consumer_capacity_shortage","confidence":0.76,"evidence":["low errors","lag from traffic spike"]}]', 'scale_out', 'consumer:orders-worker', '{"from":20,"to":40}', 'human_oncall', 'autoscaler', 'allow', 'medium', 'human_required', 'oncall_lead', 'bounded consumer scale-out', 1, 'scale back after lag clears', 0, 'success', 'post_action_metric_rule', 0.88, 'lag dropped after scale-out', 'success', 'postmortem', 0.9, 'capacity was the main issue', 'orders.lag_messages', 480000.0, 260000.0, 42000.0, 'messages', 1, '[]', '[{"description":"queue lag recovery after scale-out","ref":"zeptodb://observability_metrics/orders/inc_queue_001","type":"metric_window"}]', 'Scale out order consumers when lag rises with low consumer error rate and traffic spike context.', '["orders","queue","scale_out","success"]');
INSERT INTO action_outcome_episode_metrics (episode_id, metric_name, metric_value) VALUES ('aoe_queue_001', 'consumer_error_pct', 0.2);
INSERT INTO action_outcome_episode_metrics (episode_id, metric_name, metric_value) VALUES ('aoe_queue_001', 'lag_messages', 480000.0);
INSERT INTO action_outcome_episode_metrics (episode_id, metric_name, metric_value) VALUES ('aoe_queue_001', 'oldest_msg_age_s', 900.0);
INSERT INTO action_outcome_episodes (episode_id, incident_id, incident_type, service, environment, entity_refs_json, pre_start_ns, pre_end_ns, action_ts_ns, post_start_ns, post_end_ns, alerts_json, logs_json, traces_json, topology_upstream_json, topology_downstream_json, blast_radius, change_type, deploy_id, config_id, flag_id, minutes_before_alert, candidate_root_causes_json, action_class, action_target, action_parameters_json, action_actor, action_tool, policy_decision, policy_risk_tier, policy_approval, policy_approver, policy_reason, rollback_available, rollback_plan, rollback_executed, machine_outcome, machine_assigned_by, machine_confidence, machine_notes, human_outcome, human_assigned_by, human_confidence, human_notes, recovery_primary_metric, recovery_before, recovery_after_5m, recovery_after_15m, recovery_unit, recovery_slo_restored, recovery_side_effects_json, evidence_refs_json, reflection, tags_json) VALUES ('aoe_queue_002', 'inc_queue_002', 'order_queue_backlog', 'orders', 'prod-us-east', '["svc:orders","queue:order-events","consumer:orders-worker"]', 1782801600000000000, 1782802200000000000, 1782802200000000000, 1782802200000000000, 1782803100000000000, '["order_queue_lag","order_consumer_errors"]', '["poison message retry loop"]', '["worker retries same message"]', '["checkout"]', '["warehouse"]', 'async order processing', 'schema_change', '', '', '', 9.0, '[{"cause":"poison_message_retry_loop","confidence":0.79,"evidence":["same message retried","consumer errors high"]}]', 'queue_reset', 'queue:order-events', '{"message_id":"msg_88af","move_poison_to_dlq":true}', 'human_oncall', 'queue_admin', 'allow', 'high', 'human_required', 'incident_commander', 'DLQ move affects one poison message and is auditable', 1, 'requeue message after schema patch', 0, 'success', 'post_action_metric_rule', 0.9, 'consumer errors dropped and lag cleared', 'success', 'postmortem', 0.93, 'poison message caused retry loop', 'orders.consumer_error_pct', 18.0, 3.4, 0.3, 'percent', 1, '["one message delayed in DLQ"]', '[{"description":"poison message retry loop","ref":"zeptodb://logs/orders/inc_queue_002","type":"log_window"}]', 'Queue reset with DLQ move works when backlog is driven by one poison message and high consumer errors.', '["orders","queue","queue_reset","success"]');
INSERT INTO action_outcome_episode_metrics (episode_id, metric_name, metric_value) VALUES ('aoe_queue_002', 'consumer_error_pct', 18.0);
INSERT INTO action_outcome_episode_metrics (episode_id, metric_name, metric_value) VALUES ('aoe_queue_002', 'lag_messages', 360000.0);
INSERT INTO action_outcome_episode_metrics (episode_id, metric_name, metric_value) VALUES ('aoe_queue_002', 'oldest_msg_age_s', 720.0);
INSERT INTO action_outcome_episodes (episode_id, incident_id, incident_type, service, environment, entity_refs_json, pre_start_ns, pre_end_ns, action_ts_ns, post_start_ns, post_end_ns, alerts_json, logs_json, traces_json, topology_upstream_json, topology_downstream_json, blast_radius, change_type, deploy_id, config_id, flag_id, minutes_before_alert, candidate_root_causes_json, action_class, action_target, action_parameters_json, action_actor, action_tool, policy_decision, policy_risk_tier, policy_approval, policy_approver, policy_reason, rollback_available, rollback_plan, rollback_executed, machine_outcome, machine_assigned_by, machine_confidence, machine_notes, human_outcome, human_assigned_by, human_confidence, human_notes, recovery_primary_metric, recovery_before, recovery_after_5m, recovery_after_15m, recovery_unit, recovery_slo_restored, recovery_side_effects_json, evidence_refs_json, reflection, tags_json) VALUES ('aoe_queue_003', 'inc_queue_003', 'order_queue_backlog', 'orders', 'prod-eu-west', '["svc:orders","consumer:orders-worker","queue:order-events"]', 1782883200000000000, 1782883800000000000, 1782883800000000000, 1782883800000000000, 1782884700000000000, '["order_queue_lag"]', '["lag increasing"]', '["workers healthy but underprovisioned"]', '["checkout"]', '["warehouse"]', 'async order processing', 'traffic_spike', '', '', '', 12.0, '[{"cause":"consumer_process_stuck","confidence":0.39,"evidence":["lag high"]}]', 'restart', 'consumer:orders-worker', '{"restart_pct":50}', 'human_oncall', 'kubectl', 'allow', 'medium', 'human_required', 'oncall_lead', 'rolling restart of workers', 1, 'stop restart and scale out if lag worsens', 1, 'failure', 'post_action_metric_rule', 0.85, 'lag worsened during restart', 'failure', 'postmortem', 0.9, 'restart reduced capacity during traffic spike', 'orders.lag_messages', 420000.0, 510000.0, 530000.0, 'messages', 0, '["processing capacity dipped"]', '[{"description":"lag worsened after restart","ref":"zeptodb://observability_metrics/orders/inc_queue_003","type":"metric_window"}]', 'Do not restart healthy order consumers during capacity-driven backlog; it reduces throughput.', '["orders","queue","restart","failure"]');
INSERT INTO action_outcome_episode_metrics (episode_id, metric_name, metric_value) VALUES ('aoe_queue_003', 'consumer_error_pct', 0.5);
INSERT INTO action_outcome_episode_metrics (episode_id, metric_name, metric_value) VALUES ('aoe_queue_003', 'lag_messages', 420000.0);
INSERT INTO action_outcome_episode_metrics (episode_id, metric_name, metric_value) VALUES ('aoe_queue_003', 'oldest_msg_age_s', 840.0);
INSERT INTO action_outcome_episodes (episode_id, incident_id, incident_type, service, environment, entity_refs_json, pre_start_ns, pre_end_ns, action_ts_ns, post_start_ns, post_end_ns, alerts_json, logs_json, traces_json, topology_upstream_json, topology_downstream_json, blast_radius, change_type, deploy_id, config_id, flag_id, minutes_before_alert, candidate_root_causes_json, action_class, action_target, action_parameters_json, action_actor, action_tool, policy_decision, policy_risk_tier, policy_approval, policy_approver, policy_reason, rollback_available, rollback_plan, rollback_executed, machine_outcome, machine_assigned_by, machine_confidence, machine_notes, human_outcome, human_assigned_by, human_confidence, human_notes, recovery_primary_metric, recovery_before, recovery_after_5m, recovery_after_15m, recovery_unit, recovery_slo_restored, recovery_side_effects_json, evidence_refs_json, reflection, tags_json) VALUES ('aoe_queue_004', 'inc_queue_004', 'order_queue_backlog', 'orders', 'prod-us-west', '["svc:orders","route:checkout-to-orders","queue:order-events"]', 1782965400000000000, 1782966000000000000, 1782966000000000000, 1782966000000000000, 1782966900000000000, '["order_queue_lag","checkout_order_write_latency"]', '["queue broker throttling"]', '["checkout waits on order enqueue"]', '["checkout"]', '["warehouse"]', 'checkout and async orders', 'broker_throttle', '', '', '', 4.0, '[{"cause":"queue_broker_throttle","confidence":0.73,"evidence":["broker throttling logs","enqueue latency high"]}]', 'traffic_drain', 'route:checkout-to-orders', '{"duration_min":15,"shed_noncritical_order_events":true}', 'human_oncall', 'traffic_router', 'allow', 'high', 'human_required', 'incident_commander', 'shed noncritical async writes to protect checkout', 1, 'restore noncritical events when broker throttle clears', 0, 'partial_success', 'post_action_metric_rule', 0.77, 'checkout write latency recovered but queue lag remained high', 'partial_success', 'postmortem', 0.84, 'traffic drain protected checkout but did not fix broker throttle', 'orders.write_latency_ms', 890.0, 330.0, 180.0, 'ms', 1, '["noncritical order events delayed"]', '[{"description":"checkout enqueue latency recovery","ref":"zeptodb://observability_metrics/orders/inc_queue_004","type":"metric_window"}]', 'Traffic drain can protect checkout during broker throttle but should be paired with broker remediation.', '["orders","queue","traffic_drain","partial_success"]');
INSERT INTO action_outcome_episode_metrics (episode_id, metric_name, metric_value) VALUES ('aoe_queue_004', 'consumer_error_pct', 1.0);
INSERT INTO action_outcome_episode_metrics (episode_id, metric_name, metric_value) VALUES ('aoe_queue_004', 'lag_messages', 530000.0);
INSERT INTO action_outcome_episode_metrics (episode_id, metric_name, metric_value) VALUES ('aoe_queue_004', 'write_latency_ms', 890.0);
INSERT INTO action_outcome_episodes (episode_id, incident_id, incident_type, service, environment, entity_refs_json, pre_start_ns, pre_end_ns, action_ts_ns, post_start_ns, post_end_ns, alerts_json, logs_json, traces_json, topology_upstream_json, topology_downstream_json, blast_radius, change_type, deploy_id, config_id, flag_id, minutes_before_alert, candidate_root_causes_json, action_class, action_target, action_parameters_json, action_actor, action_tool, policy_decision, policy_risk_tier, policy_approval, policy_approver, policy_reason, rollback_available, rollback_plan, rollback_executed, machine_outcome, machine_assigned_by, machine_confidence, machine_notes, human_outcome, human_assigned_by, human_confidence, human_notes, recovery_primary_metric, recovery_before, recovery_after_5m, recovery_after_15m, recovery_unit, recovery_slo_restored, recovery_side_effects_json, evidence_refs_json, reflection, tags_json) VALUES ('aoe_search_001', 'inc_search_001', 'search_index_memory_leak', 'search', 'prod-us-east', '["svc:search","pod:search-31a","index:products"]', 1783040400000000000, 1783041000000000000, 1783041000000000000, 1783041000000000000, 1783041900000000000, '["search_memory_high","search_latency"]', '["segment cache growth"]', '["search latency from gc"]', '["web"]', '["index-store"]', 'search', 'deploy', 'search_72', '', '', 45.0, '[{"cause":"index_segment_memory_leak","confidence":0.71,"evidence":["rss monotonic growth","gc pauses"]}]', 'restart', 'pod:search-31a', '{"grace_period_s":60}', 'human_oncall', 'kubectl', 'allow', 'medium', 'human_required', 'oncall_lead', 'restart one replica while others serve traffic', 1, 'drain traffic before retry if restart causes cold-cache latency', 0, 'partial_success', 'post_action_metric_rule', 0.78, 'memory reset but cold cache kept latency elevated', 'partial_success', 'postmortem', 0.84, 'restart mitigated memory leak but deploy fix was needed', 'search.rss_mb', 15800.0, 6200.0, 7000.0, 'MB', 0, '["cold cache latency"]', '[{"description":"memory reset after restart","ref":"zeptodb://observability_metrics/search/inc_search_001","type":"metric_window"}]', 'Restart mitigates search memory leaks but may leave cold-cache latency; treat as temporary relief.', '["search","memory_leak","restart","partial_success"]');
INSERT INTO action_outcome_episode_metrics (episode_id, metric_name, metric_value) VALUES ('aoe_search_001', 'gc_pause_ms', 420.0);
INSERT INTO action_outcome_episode_metrics (episode_id, metric_name, metric_value) VALUES ('aoe_search_001', 'p95_ms', 980.0);
INSERT INTO action_outcome_episode_metrics (episode_id, metric_name, metric_value) VALUES ('aoe_search_001', 'rss_mb', 15800.0);
INSERT INTO action_outcome_episodes (episode_id, incident_id, incident_type, service, environment, entity_refs_json, pre_start_ns, pre_end_ns, action_ts_ns, post_start_ns, post_end_ns, alerts_json, logs_json, traces_json, topology_upstream_json, topology_downstream_json, blast_radius, change_type, deploy_id, config_id, flag_id, minutes_before_alert, candidate_root_causes_json, action_class, action_target, action_parameters_json, action_actor, action_tool, policy_decision, policy_risk_tier, policy_approval, policy_approver, policy_reason, rollback_available, rollback_plan, rollback_executed, machine_outcome, machine_assigned_by, machine_confidence, machine_notes, human_outcome, human_assigned_by, human_confidence, human_notes, recovery_primary_metric, recovery_before, recovery_after_5m, recovery_after_15m, recovery_unit, recovery_slo_restored, recovery_side_effects_json, evidence_refs_json, reflection, tags_json) VALUES ('aoe_search_002', 'inc_search_002', 'search_index_memory_leak', 'search', 'prod-us-east', '["svc:search","deploy:search_73","index:products"]', 1783130400000000000, 1783131000000000000, 1783131000000000000, 1783131000000000000, 1783131900000000000, '["search_memory_high","search_latency"]', '["new analyzer segment leak"]', '["search latency from gc"]', '["web"]', '["index-store"]', 'search', 'deploy', 'search_73', '', '', 36.0, '[{"cause":"search_deploy_memory_leak","confidence":0.82,"evidence":["monotonic rss after deploy"]}]', 'rollback', 'search', '{"rollback_to":"search_72"}', 'human_oncall', 'deployment_controller', 'allow', 'high', 'human_required', 'incident_commander', 'regional search rollback but prior version known good', 1, 'redeploy search_73 after leak fix', 0, 'success', 'post_action_metric_rule', 0.89, 'rss and p95 stabilized after rollback', 'success', 'postmortem', 0.92, 'search_73 introduced analyzer leak', 'search.p95_ms', 1120.0, 710.0, 260.0, 'ms', 1, '[]', '[{"description":"deploy before memory leak","ref":"deploy://search_73","type":"deploy_event"}]', 'Rollback is the durable fix for search memory leak when monotonic RSS growth starts after deploy.', '["search","memory_leak","rollback","success"]');
INSERT INTO action_outcome_episode_metrics (episode_id, metric_name, metric_value) VALUES ('aoe_search_002', 'gc_pause_ms', 530.0);
INSERT INTO action_outcome_episode_metrics (episode_id, metric_name, metric_value) VALUES ('aoe_search_002', 'p95_ms', 1120.0);
INSERT INTO action_outcome_episode_metrics (episode_id, metric_name, metric_value) VALUES ('aoe_search_002', 'rss_mb', 17200.0);
INSERT INTO action_outcome_episodes (episode_id, incident_id, incident_type, service, environment, entity_refs_json, pre_start_ns, pre_end_ns, action_ts_ns, post_start_ns, post_end_ns, alerts_json, logs_json, traces_json, topology_upstream_json, topology_downstream_json, blast_radius, change_type, deploy_id, config_id, flag_id, minutes_before_alert, candidate_root_causes_json, action_class, action_target, action_parameters_json, action_actor, action_tool, policy_decision, policy_risk_tier, policy_approval, policy_approver, policy_reason, rollback_available, rollback_plan, rollback_executed, machine_outcome, machine_assigned_by, machine_confidence, machine_notes, human_outcome, human_assigned_by, human_confidence, human_notes, recovery_primary_metric, recovery_before, recovery_after_5m, recovery_after_15m, recovery_unit, recovery_slo_restored, recovery_side_effects_json, evidence_refs_json, reflection, tags_json) VALUES ('aoe_search_003', 'inc_search_003', 'search_index_memory_leak', 'search', 'prod-eu-west', '["svc:search","hpa:search","index:products"]', 1783222200000000000, 1783222800000000000, 1783222800000000000, 1783222800000000000, 1783223700000000000, '["search_memory_high"]', '["segment cache growth"]', '["gc pauses"]', '["web"]', '["index-store"]', 'search', 'deploy', 'search_74', '', '', 50.0, '[{"cause":"search_capacity_shortage","confidence":0.44,"evidence":["latency high"]}]', 'scale_out', 'hpa:search', '{"from":12,"to":20}', 'human_oncall', 'autoscaler', 'allow', 'medium', 'human_required', 'oncall_lead', 'bounded search scale-out', 1, 'scale back if memory/cost worsens', 1, 'failure', 'post_action_metric_rule', 0.83, 'new replicas also leaked memory', 'failure', 'postmortem', 0.88, 'scale-out did not fix code leak', 'search.rss_mb', 16400.0, 16000.0, 16900.0, 'MB', 0, '["cost spike","index warmup load"]', '[{"description":"scale-out failed to stop leak","ref":"zeptodb://observability_metrics/search/inc_search_003","type":"metric_window"}]', 'Scale-out is a poor durable response for search memory leaks when every new replica repeats the leak.', '["search","memory_leak","scale_out","failure"]');
INSERT INTO action_outcome_episode_metrics (episode_id, metric_name, metric_value) VALUES ('aoe_search_003', 'gc_pause_ms', 390.0);
INSERT INTO action_outcome_episode_metrics (episode_id, metric_name, metric_value) VALUES ('aoe_search_003', 'p95_ms', 870.0);
INSERT INTO action_outcome_episode_metrics (episode_id, metric_name, metric_value) VALUES ('aoe_search_003', 'rss_mb', 16400.0);
INSERT INTO action_outcome_episodes (episode_id, incident_id, incident_type, service, environment, entity_refs_json, pre_start_ns, pre_end_ns, action_ts_ns, post_start_ns, post_end_ns, alerts_json, logs_json, traces_json, topology_upstream_json, topology_downstream_json, blast_radius, change_type, deploy_id, config_id, flag_id, minutes_before_alert, candidate_root_causes_json, action_class, action_target, action_parameters_json, action_actor, action_tool, policy_decision, policy_risk_tier, policy_approval, policy_approver, policy_reason, rollback_available, rollback_plan, rollback_executed, machine_outcome, machine_assigned_by, machine_confidence, machine_notes, human_outcome, human_assigned_by, human_confidence, human_notes, recovery_primary_metric, recovery_before, recovery_after_5m, recovery_after_15m, recovery_unit, recovery_slo_restored, recovery_side_effects_json, evidence_refs_json, reflection, tags_json) VALUES ('aoe_search_004', 'inc_search_004', 'search_index_memory_leak', 'search', 'prod-us-west', '["svc:search","route:search-shard-7","index:products"]', 1783310400000000000, 1783311000000000000, 1783311000000000000, 1783311000000000000, 1783311900000000000, '["search_shard_latency"]', '["shard 7 segment cache growth"]', '["queries to shard 7 slow"]', '["web"]', '["index-store"]', 'one shard hot', 'index_refresh', '', '', '', 18.0, '[{"cause":"single_shard_hot_memory_leak","confidence":0.76,"evidence":["latency isolated to shard 7"]}]', 'traffic_drain', 'route:search-shard-7', '{"drain_pct":80,"shift_to":"replica_shards"}', 'human_oncall', 'traffic_router', 'allow', 'high', 'human_required', 'incident_commander', 'shard-local drain protects global search', 1, 'restore traffic after shard rebuild', 0, 'partial_success', 'post_action_metric_rule', 0.79, 'global latency recovered but shard still required rebuild', 'partial_success', 'postmortem', 0.84, 'drain protected users while shard rebuilt', 'search.global_p95_ms', 760.0, 420.0, 250.0, 'ms', 1, '["replica shard load warning"]', '[{"description":"latency isolated to shard 7","ref":"zeptodb://traces/search/inc_search_004","type":"trace_window"}]', 'Traffic drain is useful for shard-isolated search latency but should be followed by shard rebuild or rollback.', '["search","shard","traffic_drain","partial_success"]');
INSERT INTO action_outcome_episode_metrics (episode_id, metric_name, metric_value) VALUES ('aoe_search_004', 'global_p95_ms', 760.0);
INSERT INTO action_outcome_episode_metrics (episode_id, metric_name, metric_value) VALUES ('aoe_search_004', 'rss_mb', 15100.0);
INSERT INTO action_outcome_episode_metrics (episode_id, metric_name, metric_value) VALUES ('aoe_search_004', 'shard7_p95_ms', 1900.0);
INSERT INTO action_outcome_episodes (episode_id, incident_id, incident_type, service, environment, entity_refs_json, pre_start_ns, pre_end_ns, action_ts_ns, post_start_ns, post_end_ns, alerts_json, logs_json, traces_json, topology_upstream_json, topology_downstream_json, blast_radius, change_type, deploy_id, config_id, flag_id, minutes_before_alert, candidate_root_causes_json, action_class, action_target, action_parameters_json, action_actor, action_tool, policy_decision, policy_risk_tier, policy_approval, policy_approver, policy_reason, rollback_available, rollback_plan, rollback_executed, machine_outcome, machine_assigned_by, machine_confidence, machine_notes, human_outcome, human_assigned_by, human_confidence, human_notes, recovery_primary_metric, recovery_before, recovery_after_5m, recovery_after_15m, recovery_unit, recovery_slo_restored, recovery_side_effects_json, evidence_refs_json, reflection, tags_json) VALUES ('aoe_distractor_cache_001', 'inc_distractor_cache_001', 'recommendation_cache_stale', 'recommendation', 'prod-us-east', '["svc:recommendation","pod:recommendation-91c","cache:pod-local-ranker"]', 1783436400000000000, 1783437000000000000, 1783437000000000000, 1783437000000000000, 1783437900000000000, '["recommendation_ctr_drop"]', '["stale segment cache on one pod"]', '["cache read returns old feature from recommendation-91c"]', '["web"]', '["redis-rec","feature-store"]', 'single pod skew', 'feature_flag', '', '', 'ranker_segments_v3', 11.0, '[{"cause":"single_pod_local_cache_stale","confidence":0.77,"evidence":["CTR loss skewed to one pod","shared redis freshness normal"]}]', 'restart', 'pod:recommendation-91c', '{"grace_period_s":30}', 'human_oncall', 'kubectl', 'allow', 'low', 'auto_allowed', 'policy:auto', 'single stateless pod restart', 1, 'replace pod if local cache remains stale', 0, 'success', 'post_action_metric_rule', 0.86, 'pod skew disappeared and freshness recovered for affected traffic', 'success', 'postmortem', 0.89, 'restart cleared a pod-local cache, not the shared redis namespace', 'recommendation.pod_error_skew_pct', 82.0, 20.0, 4.0, 'percent', 1, '["brief cold start"]', '[{"description":"single pod skew recovered after restart","ref":"zeptodb://observability_metrics/recommendation/inc_distractor_cache_001","type":"metric_window"}]', 'Restart worked because the stale cache was pod-local; this should not generalize to shared redis freshness lag.', '["recommendation","cache","restart","success","distractor"]');
INSERT INTO action_outcome_episode_metrics (episode_id, metric_name, metric_value) VALUES ('aoe_distractor_cache_001', 'cache_hit_pct', 98.9);
INSERT INTO action_outcome_episode_metrics (episode_id, metric_name, metric_value) VALUES ('aoe_distractor_cache_001', 'ctr_delta_pct', -13.5);
INSERT INTO action_outcome_episode_metrics (episode_id, metric_name, metric_value) VALUES ('aoe_distractor_cache_001', 'freshness_lag_s', 1420.0);
INSERT INTO action_outcome_episode_metrics (episode_id, metric_name, metric_value) VALUES ('aoe_distractor_cache_001', 'pod_error_skew_pct', 82.0);
INSERT INTO action_outcome_episodes (episode_id, incident_id, incident_type, service, environment, entity_refs_json, pre_start_ns, pre_end_ns, action_ts_ns, post_start_ns, post_end_ns, alerts_json, logs_json, traces_json, topology_upstream_json, topology_downstream_json, blast_radius, change_type, deploy_id, config_id, flag_id, minutes_before_alert, candidate_root_causes_json, action_class, action_target, action_parameters_json, action_actor, action_tool, policy_decision, policy_risk_tier, policy_approval, policy_approver, policy_reason, rollback_available, rollback_plan, rollback_executed, machine_outcome, machine_assigned_by, machine_confidence, machine_notes, human_outcome, human_assigned_by, human_confidence, human_notes, recovery_primary_metric, recovery_before, recovery_after_5m, recovery_after_15m, recovery_unit, recovery_slo_restored, recovery_side_effects_json, evidence_refs_json, reflection, tags_json) VALUES ('aoe_distractor_cache_002', 'inc_distractor_cache_002', 'recommendation_cache_stale', 'recommendation', 'prod-eu-west', '["svc:recommendation","cache:redis-rec","deploy:recommendation_59"]', 1783502400000000000, 1783503000000000000, 1783503000000000000, 1783503000000000000, 1783503900000000000, '["recommendation_ctr_drop"]', '["ranker missing segment fallback"]', '["fallback ranker path high"]', '["web"]', '["redis-rec","feature-store"]', 'recommendations', 'deploy', 'recommendation_59', '', '', 7.0, '[{"cause":"ranker_deploy_regression","confidence":0.81,"evidence":["errors start after deploy","cache purge does not change fallback path"]}]', 'cache_purge', 'cache:redis-rec', '{"namespace":"ranker_segments_v3"}', 'human_oncall', 'cache_admin', 'allow', 'medium', 'human_required', 'oncall_lead', 'targeted cache purge', 1, 'rollback recommendation_59 if purge does not recover CTR', 1, 'failure', 'post_action_metric_rule', 0.82, 'CTR and ranker errors remained after purge', 'failure', 'postmortem', 0.88, 'problem was deploy fallback logic, not stale redis data', 'recommendation.ctr_delta_pct', -17.0, -16.0, -15.0, 'percent_delta', 0, '["temporary cache miss spike"]', '[{"description":"ranker deploy before CTR drop","ref":"deploy://recommendation_59","type":"deploy_event"}]', 'Cache purge failed because deploy fallback logic caused stale-looking recommendations.', '["recommendation","cache","cache_purge","failure","distractor"]');
INSERT INTO action_outcome_episode_metrics (episode_id, metric_name, metric_value) VALUES ('aoe_distractor_cache_002', 'cache_hit_pct', 98.5);
INSERT INTO action_outcome_episode_metrics (episode_id, metric_name, metric_value) VALUES ('aoe_distractor_cache_002', 'ctr_delta_pct', -17.0);
INSERT INTO action_outcome_episode_metrics (episode_id, metric_name, metric_value) VALUES ('aoe_distractor_cache_002', 'error_rate_pct', 1.8);
INSERT INTO action_outcome_episode_metrics (episode_id, metric_name, metric_value) VALUES ('aoe_distractor_cache_002', 'freshness_lag_s', 1510.0);
INSERT INTO action_outcome_episodes (episode_id, incident_id, incident_type, service, environment, entity_refs_json, pre_start_ns, pre_end_ns, action_ts_ns, post_start_ns, post_end_ns, alerts_json, logs_json, traces_json, topology_upstream_json, topology_downstream_json, blast_radius, change_type, deploy_id, config_id, flag_id, minutes_before_alert, candidate_root_causes_json, action_class, action_target, action_parameters_json, action_actor, action_tool, policy_decision, policy_risk_tier, policy_approval, policy_approver, policy_reason, rollback_available, rollback_plan, rollback_executed, machine_outcome, machine_assigned_by, machine_confidence, machine_notes, human_outcome, human_assigned_by, human_confidence, human_notes, recovery_primary_metric, recovery_before, recovery_after_5m, recovery_after_15m, recovery_unit, recovery_slo_restored, recovery_side_effects_json, evidence_refs_json, reflection, tags_json) VALUES ('aoe_distractor_queue_001', 'inc_distractor_queue_001', 'order_queue_backlog', 'orders', 'prod-eu-west', '["svc:orders","consumer:orders-worker-17","queue:order-events"]', 1783573200000000000, 1783573800000000000, 1783573800000000000, 1783573800000000000, 1783574700000000000, '["order_queue_lag"]', '["one consumer partition stopped heartbeating"]', '["partition 17 not committing offsets"]', '["checkout"]', '["warehouse"]', 'one consumer partition', 'traffic_spike', '', '', '', 14.0, '[{"cause":"single_consumer_partition_stuck","confidence":0.74,"evidence":["one partition stopped committing","other workers healthy"]}]', 'restart', 'consumer:orders-worker-17', '{"restart_pct":5}', 'human_oncall', 'kubectl', 'allow', 'low', 'auto_allowed', 'policy:auto', 'restart one stuck worker', 1, 'scale out if lag does not drop after worker recovers', 0, 'success', 'post_action_metric_rule', 0.86, 'worker resumed commits and lag fell', 'success', 'postmortem', 0.9, 'restart was correct for one stuck worker, not for capacity-driven backlog', 'orders.lag_messages', 400000.0, 210000.0, 35000.0, 'messages', 1, '[]', '[{"description":"partition 17 heartbeat gap recovered","ref":"zeptodb://logs/orders/inc_distractor_queue_001","type":"log_window"}]', 'Restart worked because backlog was dominated by one stuck consumer partition.', '["orders","queue","restart","success","distractor"]');
INSERT INTO action_outcome_episode_metrics (episode_id, metric_name, metric_value) VALUES ('aoe_distractor_queue_001', 'consumer_error_pct', 0.4);
INSERT INTO action_outcome_episode_metrics (episode_id, metric_name, metric_value) VALUES ('aoe_distractor_queue_001', 'lag_messages', 400000.0);
INSERT INTO action_outcome_episode_metrics (episode_id, metric_name, metric_value) VALUES ('aoe_distractor_queue_001', 'oldest_msg_age_s', 820.0);
INSERT INTO action_outcome_episode_metrics (episode_id, metric_name, metric_value) VALUES ('aoe_distractor_queue_001', 'worker_heartbeat_gap_s', 180.0);
INSERT INTO action_outcome_episodes (episode_id, incident_id, incident_type, service, environment, entity_refs_json, pre_start_ns, pre_end_ns, action_ts_ns, post_start_ns, post_end_ns, alerts_json, logs_json, traces_json, topology_upstream_json, topology_downstream_json, blast_radius, change_type, deploy_id, config_id, flag_id, minutes_before_alert, candidate_root_causes_json, action_class, action_target, action_parameters_json, action_actor, action_tool, policy_decision, policy_risk_tier, policy_approval, policy_approver, policy_reason, rollback_available, rollback_plan, rollback_executed, machine_outcome, machine_assigned_by, machine_confidence, machine_notes, human_outcome, human_assigned_by, human_confidence, human_notes, recovery_primary_metric, recovery_before, recovery_after_5m, recovery_after_15m, recovery_unit, recovery_slo_restored, recovery_side_effects_json, evidence_refs_json, reflection, tags_json) VALUES ('aoe_distractor_queue_002', 'inc_distractor_queue_002', 'order_queue_backlog', 'orders', 'prod-us-east', '["svc:orders","consumer:orders-worker","queue:order-events"]', 1783665000000000000, 1783665600000000000, 1783665600000000000, 1783665600000000000, 1783666500000000000, '["order_queue_lag","order_consumer_errors"]', '["poison message retry loop"]', '["workers retry same schema-invalid message"]', '["checkout"]', '["warehouse"]', 'async order processing', 'schema_change', '', '', '', 8.0, '[{"cause":"poison_message_retry_loop","confidence":0.82,"evidence":["same message retried","consumer errors high"]}]', 'scale_out', 'consumer:orders-worker', '{"from":20,"to":38}', 'human_oncall', 'autoscaler', 'allow', 'medium', 'human_required', 'oncall_lead', 'bounded consumer scale-out', 1, 'scale back and move poison message to DLQ', 1, 'rollback_required', 'post_action_metric_rule', 0.84, 'more workers amplified poison message retries', 'rollback_required', 'postmortem', 0.9, 'scale-out worsened retry storm; queue reset was needed', 'orders.consumer_error_pct', 21.0, 28.0, 31.0, 'percent', 0, '["retry storm amplified"]', '[{"description":"scale-out increased retry errors","ref":"zeptodb://observability_metrics/orders/inc_distractor_queue_002","type":"metric_window"}]', 'Scale-out is misleading for poison-message backlog because it increases the number of failing consumers.', '["orders","queue","scale_out","rollback_required","distractor"]');
INSERT INTO action_outcome_episode_metrics (episode_id, metric_name, metric_value) VALUES ('aoe_distractor_queue_002', 'consumer_error_pct', 21.0);
INSERT INTO action_outcome_episode_metrics (episode_id, metric_name, metric_value) VALUES ('aoe_distractor_queue_002', 'lag_messages', 390000.0);
INSERT INTO action_outcome_episode_metrics (episode_id, metric_name, metric_value) VALUES ('aoe_distractor_queue_002', 'oldest_msg_age_s', 760.0);
INSERT INTO action_outcome_episodes (episode_id, incident_id, incident_type, service, environment, entity_refs_json, pre_start_ns, pre_end_ns, action_ts_ns, post_start_ns, post_end_ns, alerts_json, logs_json, traces_json, topology_upstream_json, topology_downstream_json, blast_radius, change_type, deploy_id, config_id, flag_id, minutes_before_alert, candidate_root_causes_json, action_class, action_target, action_parameters_json, action_actor, action_tool, policy_decision, policy_risk_tier, policy_approval, policy_approver, policy_reason, rollback_available, rollback_plan, rollback_executed, machine_outcome, machine_assigned_by, machine_confidence, machine_notes, human_outcome, human_assigned_by, human_confidence, human_notes, recovery_primary_metric, recovery_before, recovery_after_5m, recovery_after_15m, recovery_unit, recovery_slo_restored, recovery_side_effects_json, evidence_refs_json, reflection, tags_json) VALUES ('aoe_distractor_search_001', 'inc_distractor_search_001', 'search_index_memory_leak', 'search', 'prod-us-east', '["svc:search","pod:search-88b","index:products"]', 1783732800000000000, 1783733400000000000, 1783733400000000000, 1783733400000000000, 1783734300000000000, '["search_memory_high","search_latency"]', '["segment cache growth on pod search-88b"]', '["search latency from one hot replica"]', '["web"]', '["index-store"]', 'single pod skew', 'none', '', '', '', 0, '[{"cause":"single_pod_segment_cache_leak","confidence":0.76,"evidence":["rss high on one replica","no recent deploy"]}]', 'restart', 'pod:search-88b', '{"grace_period_s":60}', 'human_oncall', 'kubectl', 'allow', 'medium', 'human_required', 'oncall_lead', 'restart one replica while others serve traffic', 1, 'drain replica if restart causes cold-cache latency', 0, 'success', 'post_action_metric_rule', 0.87, 'hot pod RSS reset and global p95 recovered', 'success', 'postmortem', 0.9, 'restart fixed a single-pod leak without deploy correlation', 'search.rss_mb', 16050.0, 6100.0, 6600.0, 'MB', 1, '["brief cold cache"]', '[{"description":"single pod RSS recovered after restart","ref":"zeptodb://observability_metrics/search/inc_distractor_search_001","type":"metric_window"}]', 'Restart worked only because the leak was isolated to one replica and had no deploy correlation.', '["search","memory_leak","restart","success","distractor"]');
INSERT INTO action_outcome_episode_metrics (episode_id, metric_name, metric_value) VALUES ('aoe_distractor_search_001', 'gc_pause_ms', 410.0);
INSERT INTO action_outcome_episode_metrics (episode_id, metric_name, metric_value) VALUES ('aoe_distractor_search_001', 'p95_ms', 920.0);
INSERT INTO action_outcome_episode_metrics (episode_id, metric_name, metric_value) VALUES ('aoe_distractor_search_001', 'pod_error_skew_pct', 79.0);
INSERT INTO action_outcome_episode_metrics (episode_id, metric_name, metric_value) VALUES ('aoe_distractor_search_001', 'rss_mb', 16050.0);
INSERT INTO action_outcome_episodes (episode_id, incident_id, incident_type, service, environment, entity_refs_json, pre_start_ns, pre_end_ns, action_ts_ns, post_start_ns, post_end_ns, alerts_json, logs_json, traces_json, topology_upstream_json, topology_downstream_json, blast_radius, change_type, deploy_id, config_id, flag_id, minutes_before_alert, candidate_root_causes_json, action_class, action_target, action_parameters_json, action_actor, action_tool, policy_decision, policy_risk_tier, policy_approval, policy_approver, policy_reason, rollback_available, rollback_plan, rollback_executed, machine_outcome, machine_assigned_by, machine_confidence, machine_notes, human_outcome, human_assigned_by, human_confidence, human_notes, recovery_primary_metric, recovery_before, recovery_after_5m, recovery_after_15m, recovery_unit, recovery_slo_restored, recovery_side_effects_json, evidence_refs_json, reflection, tags_json) VALUES ('aoe_distractor_search_002', 'inc_distractor_search_002', 'search_index_memory_leak', 'search', 'prod-us-west', '["svc:search","deploy:search_75","index:products"]', 1783822200000000000, 1783822800000000000, 1783822800000000000, 1783822800000000000, 1783823700000000000, '["search_memory_high","search_latency"]', '["index refresh loaded oversized segment"]', '["latency follows index refresh"]', '["web"]', '["index-store"]', 'search', 'index_refresh', '', '', '', 16.0, '[{"cause":"oversized_index_segment_refresh","confidence":0.8,"evidence":["index refresh before alert","same RSS on old and new binaries"]}]', 'rollback', 'search', '{"rollback_to":"search_74"}', 'human_oncall', 'deployment_controller', 'allow', 'high', 'human_required', 'incident_commander', 'rollback attempted while index refresh was still suspected', 1, 'restore search_75 and rebuild oversized segment', 1, 'failure', 'post_action_metric_rule', 0.83, 'rollback did not reduce memory because index segment was the cause', 'failure', 'postmortem', 0.89, 'index refresh, not binary deploy, caused the memory spike', 'search.rss_mb', 16800.0, 16720.0, 16650.0, 'MB', 0, '["rollback cost without relief"]', '[{"description":"oversized segment refresh before alert","ref":"ticket://search_index_refresh_2026_07_12","type":"ticket"}]', 'Rollback failed because the memory spike came from index data, not the deployed binary.', '["search","memory_leak","rollback","failure","distractor"]');
INSERT INTO action_outcome_episode_metrics (episode_id, metric_name, metric_value) VALUES ('aoe_distractor_search_002', 'gc_pause_ms', 460.0);
INSERT INTO action_outcome_episode_metrics (episode_id, metric_name, metric_value) VALUES ('aoe_distractor_search_002', 'p95_ms', 990.0);
INSERT INTO action_outcome_episode_metrics (episode_id, metric_name, metric_value) VALUES ('aoe_distractor_search_002', 'rss_mb', 16800.0);
INSERT INTO action_outcome_episodes (episode_id, incident_id, incident_type, service, environment, entity_refs_json, pre_start_ns, pre_end_ns, action_ts_ns, post_start_ns, post_end_ns, alerts_json, logs_json, traces_json, topology_upstream_json, topology_downstream_json, blast_radius, change_type, deploy_id, config_id, flag_id, minutes_before_alert, candidate_root_causes_json, action_class, action_target, action_parameters_json, action_actor, action_tool, policy_decision, policy_risk_tier, policy_approval, policy_approver, policy_reason, rollback_available, rollback_plan, rollback_executed, machine_outcome, machine_assigned_by, machine_confidence, machine_notes, human_outcome, human_assigned_by, human_confidence, human_notes, recovery_primary_metric, recovery_before, recovery_after_5m, recovery_after_15m, recovery_unit, recovery_slo_restored, recovery_side_effects_json, evidence_refs_json, reflection, tags_json) VALUES ('aoe_distractor_payment_001', 'inc_distractor_payment_001', 'payment_dependency_timeout', 'payment', 'prod-us-east', '["svc:payment","hpa:payment","dep:bank_gateway"]', 1783947600000000000, 1783948200000000000, 1783948200000000000, 1783948200000000000, 1783949100000000000, '["payment_gateway_timeout"]', '["payment worker queue saturated before gateway call"]', '["timeouts start inside payment worker pool"]', '["checkout"]', '["bank_gateway"]', 'payments', 'traffic_spike', '', '', '', 13.0, '[{"cause":"payment_worker_capacity_shortage","confidence":0.78,"evidence":["CPU saturated","timeouts start before external call"]}]', 'scale_out', 'hpa:payment', '{"from":10,"to":18}', 'human_oncall', 'autoscaler', 'allow', 'medium', 'human_required', 'oncall_lead', 'bounded payment scale-out', 1, 'scale down after CPU and timeout recovery', 0, 'success', 'post_action_metric_rule', 0.87, 'CPU and timeout rate recovered after scale-out', 'success', 'postmortem', 0.9, 'scale-out worked because timeout originated inside saturated payment workers', 'payment.timeout_pct', 7.5, 2.8, 0.7, 'percent', 1, '["temporary cost increase"]', '[{"description":"CPU saturation and timeout recovery after scale-out","ref":"zeptodb://observability_metrics/payment/inc_distractor_payment_001","type":"metric_window"}]', 'Scale-out is useful for payment timeouts only when CPU saturation shows the timeout originates inside payment workers.', '["payment","dependency","scale_out","success","distractor"]');
INSERT INTO action_outcome_episode_metrics (episode_id, metric_name, metric_value) VALUES ('aoe_distractor_payment_001', 'cpu_pct', 94.0);
INSERT INTO action_outcome_episode_metrics (episode_id, metric_name, metric_value) VALUES ('aoe_distractor_payment_001', 'success_pct', 90.1);
INSERT INTO action_outcome_episode_metrics (episode_id, metric_name, metric_value) VALUES ('aoe_distractor_payment_001', 'timeout_pct', 7.5);
INSERT INTO action_outcome_episodes (episode_id, incident_id, incident_type, service, environment, entity_refs_json, pre_start_ns, pre_end_ns, action_ts_ns, post_start_ns, post_end_ns, alerts_json, logs_json, traces_json, topology_upstream_json, topology_downstream_json, blast_radius, change_type, deploy_id, config_id, flag_id, minutes_before_alert, candidate_root_causes_json, action_class, action_target, action_parameters_json, action_actor, action_tool, policy_decision, policy_risk_tier, policy_approval, policy_approver, policy_reason, rollback_available, rollback_plan, rollback_executed, machine_outcome, machine_assigned_by, machine_confidence, machine_notes, human_outcome, human_assigned_by, human_confidence, human_notes, recovery_primary_metric, recovery_before, recovery_after_5m, recovery_after_15m, recovery_unit, recovery_slo_restored, recovery_side_effects_json, evidence_refs_json, reflection, tags_json) VALUES ('aoe_distractor_inventory_001', 'inc_distractor_inventory_001', 'inventory_db_connection_pool', 'inventory', 'prod-us-east', '["svc:inventory","hpa:inventory","db:inventory-primary"]', 1784023200000000000, 1784023800000000000, 1784023800000000000, 1784023800000000000, 1784024700000000000, '["inventory_db_pool_exhausted"]', '["inventory worker queue saturated"]', '["db acquire wait follows app CPU queue"]', '["checkout","catalog"]', '["inventory-db"]', 'inventory reads', 'traffic_spike', '', '', '', 10.0, '[{"cause":"inventory_app_cpu_saturation","confidence":0.75,"evidence":["CPU high","db connection use moderate"]}]', 'scale_out', 'hpa:inventory', '{"from":6,"to":12}', 'human_oncall', 'autoscaler', 'allow', 'medium', 'human_required', 'oncall_lead', 'bounded scale-out with db connections below saturation', 1, 'scale down after CPU and latency recover', 0, 'success', 'post_action_metric_rule', 0.86, 'CPU and pool wait recovered after adding replicas', 'success', 'postmortem', 0.9, 'scale-out worked because the apparent db wait came from app CPU queueing, not db saturation', 'inventory.pool_wait_ms', 510.0, 210.0, 55.0, 'ms', 1, '["temporary cost increase"]', '[{"description":"app CPU and pool wait recovered after scale-out","ref":"zeptodb://observability_metrics/inventory/inc_distractor_inventory_001","type":"metric_window"}]', 'Scale-out is safe for inventory only when db connections are not saturated and CPU is the bottleneck.', '["inventory","db_pool","scale_out","success","distractor"]');
INSERT INTO action_outcome_episode_metrics (episode_id, metric_name, metric_value) VALUES ('aoe_distractor_inventory_001', 'cpu_pct', 92.0);
INSERT INTO action_outcome_episode_metrics (episode_id, metric_name, metric_value) VALUES ('aoe_distractor_inventory_001', 'db_conn_used_pct', 58.0);
INSERT INTO action_outcome_episode_metrics (episode_id, metric_name, metric_value) VALUES ('aoe_distractor_inventory_001', 'p95_ms', 1180.0);
INSERT INTO action_outcome_episode_metrics (episode_id, metric_name, metric_value) VALUES ('aoe_distractor_inventory_001', 'pool_wait_ms', 510.0);
INSERT INTO action_outcome_retrieval_quality_labels (query_id, candidate_id, quality_label, reason) VALUES ('aoe_checkout_002', 'aoe_checkout_001', 'useful', 'Same deploy-linked checkout timeout family; rollback success is a useful contrast to failed restart.');
INSERT INTO action_outcome_retrieval_quality_labels (query_id, candidate_id, quality_label, reason) VALUES ('aoe_checkout_002', 'aoe_checkout_003', 'superficial', 'Similar checkout latency but CPU-driven mitigation is not the same client-pool regression.');
INSERT INTO action_outcome_retrieval_quality_labels (query_id, candidate_id, quality_label, reason) VALUES ('aoe_checkout_002', 'aoe_checkout_004', 'useful', 'Pool wait evidence and config revert provide useful direct-remediation evidence.');
INSERT INTO action_outcome_retrieval_quality_labels (query_id, candidate_id, quality_label, reason) VALUES ('aoe_payment_002', 'aoe_payment_001', 'useful', 'External payment gateway timeout was fixed by traffic drain, unlike the failed scale-out.');
INSERT INTO action_outcome_retrieval_quality_labels (query_id, candidate_id, quality_label, reason) VALUES ('aoe_payment_002', 'aoe_payment_003', 'superficial', 'Payment errors are similar, but single-pod skew does not match service-wide gateway timeout.');
INSERT INTO action_outcome_retrieval_quality_labels (query_id, candidate_id, quality_label, reason) VALUES ('aoe_payment_002', 'aoe_payment_004', 'useful', 'Payment timeout with deploy retry regression gives a useful non-scale-out recovery example.');
INSERT INTO action_outcome_retrieval_quality_labels (query_id, candidate_id, quality_label, reason) VALUES ('aoe_payment_002', 'aoe_distractor_payment_001', 'misleading', 'Scale-out succeeded only because CPU was saturated; query CPU is low and traces point external.');
INSERT INTO action_outcome_retrieval_quality_labels (query_id, candidate_id, quality_label, reason) VALUES ('aoe_inventory_002', 'aoe_inventory_001', 'useful', 'DB pool saturation recovered through config revert, a useful contrast to failed scale-out.');
INSERT INTO action_outcome_retrieval_quality_labels (query_id, candidate_id, quality_label, reason) VALUES ('aoe_inventory_002', 'aoe_inventory_003', 'superficial', 'Inventory DB errors are similar, but one-pod skew does not match service-wide DB saturation.');
INSERT INTO action_outcome_retrieval_quality_labels (query_id, candidate_id, quality_label, reason) VALUES ('aoe_inventory_002', 'aoe_inventory_004', 'useful', 'DB saturation from bulk writes is a useful non-scale-out remediation pattern.');
INSERT INTO action_outcome_retrieval_quality_labels (query_id, candidate_id, quality_label, reason) VALUES ('aoe_inventory_002', 'aoe_distractor_inventory_001', 'misleading', 'Scale-out succeeded only because DB connections were not saturated and app CPU was high.');
INSERT INTO action_outcome_retrieval_quality_labels (query_id, candidate_id, quality_label, reason) VALUES ('aoe_cache_002', 'aoe_cache_001', 'useful', 'Shared recommendation cache freshness lag recovered through targeted cache purge.');
INSERT INTO action_outcome_retrieval_quality_labels (query_id, candidate_id, quality_label, reason) VALUES ('aoe_cache_002', 'aoe_cache_003', 'superficial', 'Recommendation staleness is similar, but deploy fallback regression differs from shared cache lag.');
INSERT INTO action_outcome_retrieval_quality_labels (query_id, candidate_id, quality_label, reason) VALUES ('aoe_cache_002', 'aoe_cache_004', 'useful', 'Failed scale-out is useful negative evidence for shared cache staleness.');
INSERT INTO action_outcome_retrieval_quality_labels (query_id, candidate_id, quality_label, reason) VALUES ('aoe_cache_002', 'aoe_distractor_cache_001', 'misleading', 'Restart worked only for pod-local cache skew, not shared redis freshness lag.');
INSERT INTO action_outcome_retrieval_quality_labels (query_id, candidate_id, quality_label, reason) VALUES ('aoe_cache_002', 'aoe_distractor_cache_002', 'misleading', 'Cache purge failed only because the true root cause was deploy fallback logic.');
INSERT INTO action_outcome_retrieval_quality_labels (query_id, candidate_id, quality_label, reason) VALUES ('aoe_queue_003', 'aoe_queue_001', 'useful', 'Capacity-driven backlog recovered through scale-out, the key contrast to failed restart.');
INSERT INTO action_outcome_retrieval_quality_labels (query_id, candidate_id, quality_label, reason) VALUES ('aoe_queue_003', 'aoe_queue_002', 'superficial', 'Backlog is similar, but poison-message retry loop has a different remediation path.');
INSERT INTO action_outcome_retrieval_quality_labels (query_id, candidate_id, quality_label, reason) VALUES ('aoe_queue_003', 'aoe_queue_004', 'superficial', 'Traffic drain protected checkout during broker throttle but does not solve capacity backlog.');
INSERT INTO action_outcome_retrieval_quality_labels (query_id, candidate_id, quality_label, reason) VALUES ('aoe_queue_003', 'aoe_distractor_queue_001', 'misleading', 'Restart succeeded only for one stuck consumer partition, not broad capacity shortage.');
INSERT INTO action_outcome_retrieval_quality_labels (query_id, candidate_id, quality_label, reason) VALUES ('aoe_queue_003', 'aoe_distractor_queue_002', 'misleading', 'Scale-out failed because of poison-message retries, not because scale-out is wrong for capacity backlog.');
INSERT INTO action_outcome_retrieval_quality_labels (query_id, candidate_id, quality_label, reason) VALUES ('aoe_search_003', 'aoe_search_001', 'superficial', 'Restart mitigates memory pressure but is not durable for deploy-wide search leak.');
INSERT INTO action_outcome_retrieval_quality_labels (query_id, candidate_id, quality_label, reason) VALUES ('aoe_search_003', 'aoe_search_002', 'useful', 'Rollback fixed deploy-correlated monotonic RSS growth, matching the durable action needed.');
INSERT INTO action_outcome_retrieval_quality_labels (query_id, candidate_id, quality_label, reason) VALUES ('aoe_search_003', 'aoe_search_004', 'superficial', 'Shard-local traffic drain is useful mitigation but not the same deploy-wide leak.');
INSERT INTO action_outcome_retrieval_quality_labels (query_id, candidate_id, quality_label, reason) VALUES ('aoe_search_003', 'aoe_distractor_search_001', 'misleading', 'Restart succeeded only for a single-pod leak without deploy correlation.');
INSERT INTO action_outcome_retrieval_quality_labels (query_id, candidate_id, quality_label, reason) VALUES ('aoe_search_003', 'aoe_distractor_search_002', 'misleading', 'Rollback failed because index refresh, not binary deploy, caused the memory spike.');
INSERT INTO action_outcome_replay_recommendations (run_id, variant, query_id, recommendation_rank, action_class, score_micros, top_action, top3_hit, avoids_failed_repeat, timestamp_ns) VALUES ('sql_replay_006', 'context_gated', 'aoe_cache_002', 1, 'cache_purge', 594912, 1, 1, 1, 1781748863000000000);
INSERT INTO action_outcome_replay_recommendations (run_id, variant, query_id, recommendation_rank, action_class, score_micros, top_action, top3_hit, avoids_failed_repeat, timestamp_ns) VALUES ('sql_replay_006', 'context_gated', 'aoe_cache_002', 2, 'restart', 155590, 0, 1, 1, 1781748863000000000);
INSERT INTO action_outcome_replay_recommendations (run_id, variant, query_id, recommendation_rank, action_class, score_micros, top_action, top3_hit, avoids_failed_repeat, timestamp_ns) VALUES ('sql_replay_006', 'context_gated', 'aoe_cache_002', 3, 'rollback', 155590, 0, 1, 1, 1781748863000000000);
INSERT INTO action_outcome_replay_recommendations (run_id, variant, query_id, recommendation_rank, action_class, score_micros, top_action, top3_hit, avoids_failed_repeat, timestamp_ns) VALUES ('sql_replay_006', 'context_gated', 'aoe_checkout_002', 1, 'rollback', 1027725, 1, 1, 1, 1781748863000000000);
INSERT INTO action_outcome_replay_recommendations (run_id, variant, query_id, recommendation_rank, action_class, score_micros, top_action, top3_hit, avoids_failed_repeat, timestamp_ns) VALUES ('sql_replay_006', 'context_gated', 'aoe_checkout_002', 2, 'scale_out', 312531, 0, 1, 1, 1781748863000000000);
INSERT INTO action_outcome_replay_recommendations (run_id, variant, query_id, recommendation_rank, action_class, score_micros, top_action, top3_hit, avoids_failed_repeat, timestamp_ns) VALUES ('sql_replay_006', 'context_gated', 'aoe_checkout_002', 3, 'config_revert', 155590, 0, 1, 1, 1781748863000000000);
INSERT INTO action_outcome_replay_recommendations (run_id, variant, query_id, recommendation_rank, action_class, score_micros, top_action, top3_hit, avoids_failed_repeat, timestamp_ns) VALUES ('sql_replay_006', 'context_gated', 'aoe_inventory_002', 1, 'config_revert', 362004, 1, 1, 1, 1781748863000000000);
INSERT INTO action_outcome_replay_recommendations (run_id, variant, query_id, recommendation_rank, action_class, score_micros, top_action, top3_hit, avoids_failed_repeat, timestamp_ns) VALUES ('sql_replay_006', 'context_gated', 'aoe_inventory_002', 2, 'traffic_drain', 362004, 0, 1, 1, 1781748863000000000);
INSERT INTO action_outcome_replay_recommendations (run_id, variant, query_id, recommendation_rank, action_class, score_micros, top_action, top3_hit, avoids_failed_repeat, timestamp_ns) VALUES ('sql_replay_006', 'context_gated', 'aoe_inventory_002', 3, 'scale_out', 155590, 0, 1, 1, 1781748863000000000);
INSERT INTO action_outcome_replay_recommendations (run_id, variant, query_id, recommendation_rank, action_class, score_micros, top_action, top3_hit, avoids_failed_repeat, timestamp_ns) VALUES ('sql_replay_006', 'context_gated', 'aoe_payment_002', 1, 'traffic_drain', 670031, 1, 1, 1, 1781748863000000000);
INSERT INTO action_outcome_replay_recommendations (run_id, variant, query_id, recommendation_rank, action_class, score_micros, top_action, top3_hit, avoids_failed_repeat, timestamp_ns) VALUES ('sql_replay_006', 'context_gated', 'aoe_payment_002', 2, 'restart', 155590, 0, 1, 1, 1781748863000000000);
INSERT INTO action_outcome_replay_recommendations (run_id, variant, query_id, recommendation_rank, action_class, score_micros, top_action, top3_hit, avoids_failed_repeat, timestamp_ns) VALUES ('sql_replay_006', 'context_gated', 'aoe_payment_002', 3, 'scale_out', 155590, 0, 1, 1, 1781748863000000000);
INSERT INTO action_outcome_replay_recommendations (run_id, variant, query_id, recommendation_rank, action_class, score_micros, top_action, top3_hit, avoids_failed_repeat, timestamp_ns) VALUES ('sql_replay_006', 'context_gated', 'aoe_queue_003', 1, 'scale_out', 537068, 1, 1, 1, 1781748863000000000);
INSERT INTO action_outcome_replay_recommendations (run_id, variant, query_id, recommendation_rank, action_class, score_micros, top_action, top3_hit, avoids_failed_repeat, timestamp_ns) VALUES ('sql_replay_006', 'context_gated', 'aoe_queue_003', 2, 'traffic_drain', 169504, 0, 1, 1, 1781748863000000000);
INSERT INTO action_outcome_replay_recommendations (run_id, variant, query_id, recommendation_rank, action_class, score_micros, top_action, top3_hit, avoids_failed_repeat, timestamp_ns) VALUES ('sql_replay_006', 'context_gated', 'aoe_queue_003', 3, 'restart', 155590, 0, 1, 1, 1781748863000000000);
INSERT INTO action_outcome_replay_recommendations (run_id, variant, query_id, recommendation_rank, action_class, score_micros, top_action, top3_hit, avoids_failed_repeat, timestamp_ns) VALUES ('sql_replay_006', 'context_gated', 'aoe_search_003', 1, 'rollback', 558102, 1, 1, 1, 1781748863000000000);
INSERT INTO action_outcome_replay_recommendations (run_id, variant, query_id, recommendation_rank, action_class, score_micros, top_action, top3_hit, avoids_failed_repeat, timestamp_ns) VALUES ('sql_replay_006', 'context_gated', 'aoe_search_003', 2, 'restart', 358316, 0, 1, 1, 1781748863000000000);
INSERT INTO action_outcome_replay_recommendations (run_id, variant, query_id, recommendation_rank, action_class, score_micros, top_action, top3_hit, avoids_failed_repeat, timestamp_ns) VALUES ('sql_replay_006', 'context_gated', 'aoe_search_003', 3, 'traffic_drain', 73090, 0, 1, 1, 1781748863000000000);
INSERT INTO action_outcome_gate_suppressions (run_id, query_id, candidate_id, action_class, outcome_label, raw_value_micros, gated_value_micros, multiplier_micros, context_score_micros, reasons, timestamp_ns) VALUES ('sql_replay_006', 'aoe_cache_002', 'aoe_cache_003', 'rollback', 'success', 1000000, 150000, 150000, 0, 'cache_symptom_from_deploy_not_flag,change_type_mismatch:feature_flag->deploy', 1781748863000000000);
INSERT INTO action_outcome_gate_suppressions (run_id, query_id, candidate_id, action_class, outcome_label, raw_value_micros, gated_value_micros, multiplier_micros, context_score_micros, reasons, timestamp_ns) VALUES ('sql_replay_006', 'aoe_cache_002', 'aoe_cache_004', 'scale_out', 'failure', -700000, -454999, 650000, 634798, '', 1781748863000000000);
INSERT INTO action_outcome_gate_suppressions (run_id, query_id, candidate_id, action_class, outcome_label, raw_value_micros, gated_value_micros, multiplier_micros, context_score_micros, reasons, timestamp_ns) VALUES ('sql_replay_006', 'aoe_cache_002', 'aoe_distractor_cache_001', 'restart', 'success', 1000000, 150000, 150000, 308549, 'single_entity_vs_service_wide', 1781748863000000000);
INSERT INTO action_outcome_gate_suppressions (run_id, query_id, candidate_id, action_class, outcome_label, raw_value_micros, gated_value_micros, multiplier_micros, context_score_micros, reasons, timestamp_ns) VALUES ('sql_replay_006', 'aoe_cache_002', 'aoe_distractor_cache_002', 'cache_purge', 'failure', -700000, -105000, 150000, 59525, 'cache_symptom_from_deploy_not_flag,change_type_mismatch:feature_flag->deploy', 1781748863000000000);
INSERT INTO action_outcome_gate_suppressions (run_id, query_id, candidate_id, action_class, outcome_label, raw_value_micros, gated_value_micros, multiplier_micros, context_score_micros, reasons, timestamp_ns) VALUES ('sql_replay_006', 'aoe_checkout_002', 'aoe_checkout_003', 'scale_out', 'partial_success', 450000, 292500, 650000, 506644, '', 1781748863000000000);
INSERT INTO action_outcome_gate_suppressions (run_id, query_id, candidate_id, action_class, outcome_label, raw_value_micros, gated_value_micros, multiplier_micros, context_score_micros, reasons, timestamp_ns) VALUES ('sql_replay_006', 'aoe_checkout_002', 'aoe_checkout_004', 'config_revert', 'success', 1000000, 150000, 150000, 242622, 'change_type_mismatch:deploy->config', 1781748863000000000);
INSERT INTO action_outcome_gate_suppressions (run_id, query_id, candidate_id, action_class, outcome_label, raw_value_micros, gated_value_micros, multiplier_micros, context_score_micros, reasons, timestamp_ns) VALUES ('sql_replay_006', 'aoe_inventory_002', 'aoe_distractor_inventory_001', 'scale_out', 'success', 1000000, 150000, 150000, 217335, 'query_db_saturated_candidate_not', 1781748863000000000);
INSERT INTO action_outcome_gate_suppressions (run_id, query_id, candidate_id, action_class, outcome_label, raw_value_micros, gated_value_micros, multiplier_micros, context_score_micros, reasons, timestamp_ns) VALUES ('sql_replay_006', 'aoe_inventory_002', 'aoe_inventory_001', 'config_revert', 'success', 1000000, 350000, 350000, 420595, 'change_type_mismatch:none->config', 1781748863000000000);
INSERT INTO action_outcome_gate_suppressions (run_id, query_id, candidate_id, action_class, outcome_label, raw_value_micros, gated_value_micros, multiplier_micros, context_score_micros, reasons, timestamp_ns) VALUES ('sql_replay_006', 'aoe_inventory_002', 'aoe_inventory_003', 'restart', 'success', 1000000, 150000, 150000, 48478, 'single_entity_vs_service_wide', 1781748863000000000);
INSERT INTO action_outcome_gate_suppressions (run_id, query_id, candidate_id, action_class, outcome_label, raw_value_micros, gated_value_micros, multiplier_micros, context_score_micros, reasons, timestamp_ns) VALUES ('sql_replay_006', 'aoe_inventory_002', 'aoe_inventory_004', 'traffic_drain', 'success', 1000000, 350000, 350000, 417308, '', 1781748863000000000);
INSERT INTO action_outcome_gate_suppressions (run_id, query_id, candidate_id, action_class, outcome_label, raw_value_micros, gated_value_micros, multiplier_micros, context_score_micros, reasons, timestamp_ns) VALUES ('sql_replay_006', 'aoe_payment_002', 'aoe_distractor_payment_001', 'scale_out', 'success', 1000000, 150000, 150000, 196409, 'candidate_cpu_saturated_query_not', 1781748863000000000);
INSERT INTO action_outcome_gate_suppressions (run_id, query_id, candidate_id, action_class, outcome_label, raw_value_micros, gated_value_micros, multiplier_micros, context_score_micros, reasons, timestamp_ns) VALUES ('sql_replay_006', 'aoe_payment_002', 'aoe_payment_001', 'traffic_drain', 'success', 1000000, 650000, 650000, 570716, '', 1781748863000000000);
INSERT INTO action_outcome_gate_suppressions (run_id, query_id, candidate_id, action_class, outcome_label, raw_value_micros, gated_value_micros, multiplier_micros, context_score_micros, reasons, timestamp_ns) VALUES ('sql_replay_006', 'aoe_payment_002', 'aoe_payment_003', 'restart', 'success', 1000000, 150000, 150000, 83324, 'single_entity_vs_service_wide', 1781748863000000000);
INSERT INTO action_outcome_gate_suppressions (run_id, query_id, candidate_id, action_class, outcome_label, raw_value_micros, gated_value_micros, multiplier_micros, context_score_micros, reasons, timestamp_ns) VALUES ('sql_replay_006', 'aoe_payment_002', 'aoe_payment_004', 'rollback', 'success', 1000000, 150000, 150000, 209810, 'change_type_mismatch:none->deploy', 1781748863000000000);
INSERT INTO action_outcome_gate_suppressions (run_id, query_id, candidate_id, action_class, outcome_label, raw_value_micros, gated_value_micros, multiplier_micros, context_score_micros, reasons, timestamp_ns) VALUES ('sql_replay_006', 'aoe_queue_003', 'aoe_distractor_queue_001', 'restart', 'success', 1000000, 150000, 150000, 200144, 'single_entity_vs_service_wide', 1781748863000000000);
INSERT INTO action_outcome_gate_suppressions (run_id, query_id, candidate_id, action_class, outcome_label, raw_value_micros, gated_value_micros, multiplier_micros, context_score_micros, reasons, timestamp_ns) VALUES ('sql_replay_006', 'aoe_queue_003', 'aoe_distractor_queue_002', 'scale_out', 'rollback_required', -900000, -135000, 150000, 7843, 'candidate_consumer_errors_query_healthy,change_type_mismatch:traffic_spike->schema_change', 1781748863000000000);
INSERT INTO action_outcome_gate_suppressions (run_id, query_id, candidate_id, action_class, outcome_label, raw_value_micros, gated_value_micros, multiplier_micros, context_score_micros, reasons, timestamp_ns) VALUES ('sql_replay_006', 'aoe_queue_003', 'aoe_queue_002', 'queue_reset', 'success', 1000000, 150000, 150000, 0, 'candidate_consumer_errors_query_healthy,change_type_mismatch:traffic_spike->schema_change', 1781748863000000000);
INSERT INTO action_outcome_gate_suppressions (run_id, query_id, candidate_id, action_class, outcome_label, raw_value_micros, gated_value_micros, multiplier_micros, context_score_micros, reasons, timestamp_ns) VALUES ('sql_replay_006', 'aoe_queue_003', 'aoe_queue_004', 'traffic_drain', 'partial_success', 450000, 157500, 350000, 383018, '', 1781748863000000000);
INSERT INTO action_outcome_gate_suppressions (run_id, query_id, candidate_id, action_class, outcome_label, raw_value_micros, gated_value_micros, multiplier_micros, context_score_micros, reasons, timestamp_ns) VALUES ('sql_replay_006', 'aoe_search_003', 'aoe_distractor_search_001', 'restart', 'success', 1000000, 150000, 150000, 0, 'single_entity_vs_service_wide,change_type_mismatch:deploy->none', 1781748863000000000);
INSERT INTO action_outcome_gate_suppressions (run_id, query_id, candidate_id, action_class, outcome_label, raw_value_micros, gated_value_micros, multiplier_micros, context_score_micros, reasons, timestamp_ns) VALUES ('sql_replay_006', 'aoe_search_003', 'aoe_distractor_search_002', 'rollback', 'failure', -700000, -105000, 150000, 349926, 'change_type_mismatch:deploy->index_refresh', 1781748863000000000);
INSERT INTO action_outcome_gate_suppressions (run_id, query_id, candidate_id, action_class, outcome_label, raw_value_micros, gated_value_micros, multiplier_micros, context_score_micros, reasons, timestamp_ns) VALUES ('sql_replay_006', 'aoe_search_003', 'aoe_search_004', 'traffic_drain', 'partial_success', 450000, 67500, 150000, 194099, 'change_type_mismatch:deploy->index_refresh', 1781748863000000000);
